frame,blink,gaze_vel,AU1-neg,AU1-pos,AU2-neg,AU2-pos,AU3-neg,AU3-pos,AU4-neg,AU4-pos,AU5-neg,AU5-pos,AU6-neg,AU6-pos,AU7-neg,AU7-pos,AU8-neg,AU8-pos,AU9-neg,AU9-pos,AU10-neg,AU10-pos,AU11-neg,AU11-pos,AU12-neg,AU12-pos
0,0,0.0,-0.2162,-1.6379,-0.0348,-3.3748,-0.4412,-1.0308,-0.1436,-2.0115,-0.9991,-0.4592,-0.0823,-2.5385,-0.9955,-0.4613,-0.2295,-1.5845,-0.2741,-1.4283,-0.3073,-1.3297,-0.1062,-2.2948,-0.0373,-3.3064
30,0,34.68760884126011,-0.2193,-1.6248,-0.0290,-3.5545,-0.4262,-1.0585,-0.1784,-1.8117,-0.9914,-0.4637,-0.1675,-1.8694,-0.7206,-0.6664,-0.2044,-1.6882,-0.5796,-0.8212,-0.3181,-1.3003,-0.0914,-2.4380,-0.0606,-2.8343
60,1,47.90084865031104,-0.1069,-2.2887,-0.0136,-4.3059,-0.9581,-0.4839,-0.2364,-1.5582,-0.9232,-0.5063,-0.4119,-1.0858,-0.8520,-0.5561,-0.1679,-1.8672,-0.5465,-0.8651,-0.2412,-1.5403,-0.0491,-3.0374,-0.0699,-2.6956
90,0,21.940917759986725,-0.1663,-1.8757,-0.0243,-3.7285,-0.6322,-0.7581,-0.2433,-1.5328,-0.8816,-0.5346,-0.4215,-1.0672,-1.1799,-0.3672,-0.1767,-1.8204,-0.6521,-0.7359,-0.3322,-1.2636,-0.0707,-2.6847,-0.0590,-2.8595
120,0,24.16537005959151,-0.1300,-2.1045,-0.0153,-4.1877,-0.6678,-0.7191,-0.3676,-1.1789,-1.0693,-0.4204,-0.5105,-0.9168,-1.1701,-0.3715,-0.1552,-1.9396,-0.5242,-0.8966,-0.2085,-1.6703,-0.1254,-2.1382,-0.0624,-2.8050
150,1,16.712407056594518,-0.1754,-1.8270,-0.0101,-4.5985,-0.6636,-0.7236,-0.1844,-1.7815,-0.8504,-0.5573,-0.3162,-1.3053,-0.8047,-0.5928,-0.1059,-2.2980,-0.3633,-1.1888,-0.2166,-1.6361,-0.0903,-2.4499,-0.0680,-2.7214
180,0,15.44937620081307,-0.2925,-1.3719,-0.0203,-3.9052,-0.8443,-0.5619,-0.1948,-1.7314,-1.0004,-0.4585,-0.3877,-1.1351,-0.9775,-0.4720,-0.1425,-2.0190,-0.4693,-0.9819,-0.2588,-1.4783,-0.0667,-2.7414,-0.0770,-2.6020
210,0,17.697927355132528,-0.1770,-1.8188,-0.0165,-4.1114,-0.3886,-1.1332,-0.2687,-1.4454,-0.9371,-0.4972,-0.3734,-1.1660,-1.0135,-0.4509,-0.1112,-2.2516,-0.4576,-1.0019,-0.2285,-1.5884,-0.1027,-2.3272,-0.1180,-2.1958
240,1,28.500433201507,-0.2042,-1.6889,-0.0142,-4.2599,-0.7448,-0.6440,-0.2002,-1.7067,-0.8670,-0.5451,-0.3409,-1.2418,-0.9762,-0.4728,-0.1714,-1.8484,-0.5525,-0.8569,-0.3651,-1.1845,-0.0825,-2.5364,-0.0641,-2.7788
270,0,35.27344582172067,-0.1877,-1.7653,-0.0196,-3.9442,-0.3220,-1.2899,-0.1914,-1.7478,-1.0051,-0.4557,-0.1704,-1.8539,-0.9163,-0.5108,-0.1340,-2.0763,-0.4723,-0.9770,-0.2761,-1.4219,-0.1129,-2.2371,-0.0801,-2.5642
300,0,30.62818644851316,-0.0480,-3.0595,-0.0360,-3.3414,-0.1411,-2.0278,-0.1452,-2.0012,-1.0801,-0.4149,-0.2544,-1.4934,-1.2130,-0.3528,-0.0470,-3.0812,-0.4198,-1.0705,-0.1867,-1.7700,-0.0736,-2.6451,-0.0804,-2.5603
330,1,39.73115616201002,-0.1785,-1.8112,-0.0875,-2.4800,-0.6137,-0.7795,-0.1683,-1.8647,-1.1567,-0.3776,-0.4547,-1.0068,-1.4123,-0.2792,-0.1264,-2.1311,-0.3050,-1.3362,-0.2327,-1.5721,-0.0696,-2.7000,-0.0604,-2.8364
360,2,23.20084314471901,-0.0589,-2.8610,-0.0577,-2.8809,-0.0737,-2.6447,-0.0660,-2.7504,-0.7173,-0.6695,-0.1163,-2.2095,-1.8282,-0.1752,-0.1322,-2.0887,-0.5145,-0.9108,-0.2647,-1.4585,-0.0378,-3.2947,-0.0552,-2.9249
390,0,32.99835698225738,-0.3967,-1.1163,-0.1354,-2.0662,-0.4661,-0.9873,-0.1968,-1.7223,-0.9322,-0.5003,-0.1828,-1.7894,-1.3255,-0.3088,-0.1450,-2.0029,-0.2761,-1.4218,-0.3294,-1.2708,-0.2085,-1.6701,-0.2578,-1.4819
420,0,60.820698814953666,-0.3878,-1.1350,-0.3951,-1.1196,-0.1114,-2.2494,-0.0524,-2.9755,-0.2894,-1.3811,-0.2932,-1.3700,-3.2772,-0.0385,-0.8817,-0.5346,-0.1872,-1.7675,-0.0616,-2.8182,-0.0060,-5.1229,-0.0028,-5.8678
450,3,54.59454424431986,-0.1410,-2.0287,-0.0433,-3.1603,-0.1554,-1.9386,-0.3199,-1.2954,-1.5944,-0.2269,-0.2663,-1.4533,-1.6172,-0.2212,-0.3164,-1.3049,-0.3258,-1.2799,-0.2986,-1.3541,-0.0926,-2.4252,-0.0224,-3.8090
480,0,66.24137631905633,-0.0909,-2.4431,-0.0114,-4.4772,-0.4009,-1.1079,-0.1218,-2.1660,-0.9814,-0.4697,-0.2480,-1.5158,-1.0125,-0.4514,-0.0663,-2.7469,-0.1995,-1.7102,-0.2374,-1.5542,-0.0394,-3.2540,-0.0415,-3.2016
510,1,39.81206045896476,-0.1281,-2.1181,-0.0179,-4.0339,-0.3908,-1.1287,-0.1531,-1.9525,-1.0837,-0.4130,-0.2687,-1.4455,-1.4613,-0.2639,-0.1007,-2.3455,-0.2415,-1.5391,-0.3902,-1.1298,-0.0835,-2.5247,-0.1595,-1.9144
540,0,12.674142685807222,-0.1264,-2.1311,-0.0169,-4.0864,-0.6960,-0.6903,-0.1221,-2.1634,-1.1167,-0.3965,-0.2763,-1.4211,-1.3226,-0.3098,-0.1264,-2.1307,-0.2971,-1.3586,-0.3648,-1.1853,-0.1241,-2.1477,-0.1831,-1.7878
570,0,8.832061121331225,-0.1296,-2.1075,-0.0128,-4.3673,-0.4036,-1.1023,-0.1673,-1.8704,-1.0124,-0.4515,-0.1928,-1.7410,-0.8928,-0.5268,-0.0396,-3.2477,-0.1981,-1.7166,-0.3551,-1.2078,-0.1026,-2.3278,-0.1286,-2.1147
600,0,6.7947795697751046,-0.0750,-2.6280,-0.0086,-4.7621,-0.5367,-0.8787,-0.1521,-1.9582,-1.1357,-0.3874,-0.3305,-1.2678,-1.2992,-0.3185,-0.1013,-2.3400,-0.2109,-1.6601,-0.3825,-1.1462,-0.0845,-2.5125,-0.1118,-2.2460
630,0,8.808343969322207,-0.1123,-2.2421,-0.0096,-4.6553,-0.3889,-1.1327,-0.1564,-1.9325,-0.9413,-0.4945,-0.2019,-1.6994,-0.9959,-0.4610,-0.0495,-3.0296,-0.1528,-1.9538,-0.3648,-1.1852,-0.0890,-2.4635,-0.1302,-2.1028
660,0,8.236444666760011,-0.1100,-2.2614,-0.0116,-4.4626,-0.5966,-0.8001,-0.1211,-2.1713,-1.0058,-0.4553,-0.2390,-1.5486,-1.1350,-0.3877,-0.0873,-2.4822,-0.2466,-1.5208,-0.3852,-1.1405,-0.1093,-2.2674,-0.1282,-2.1175
690,0,9.199649533521079,-0.1696,-1.8581,-0.0136,-4.3049,-0.4240,-1.0626,-0.1244,-2.1461,-0.8105,-0.5881,-0.1461,-1.9957,-0.8116,-0.5872,-0.0277,-3.6016,-0.1633,-1.8929,-0.3371,-1.2511,-0.0756,-2.6202,-0.1147,-2.2219
720,0,14.99723560679127,-0.0980,-2.3716,-0.0103,-4.5819,-0.4053,-1.0989,-0.1530,-1.9526,-0.9408,-0.4948,-0.2248,-1.6028,-0.9156,-0.5113,-0.0551,-2.9265,-0.1433,-2.0135,-0.3867,-1.1372,-0.0968,-2.3831,-0.1890,-1.7592
750,0,24.316896167713068,-0.0715,-2.6743,-0.0093,-4.6806,-0.4105,-1.0887,-0.1915,-1.7472,-1.2080,-0.3550,-0.4234,-1.0637,-1.2601,-0.3335,-0.1129,-2.2369,-0.3249,-1.2822,-0.3591,-1.1984,-0.0894,-2.4594,-0.1568,-1.9299
780,0,26.271493328884446,-0.0738,-2.6428,-0.0238,-3.7486,-0.3105,-1.3208,-0.2527,-1.4992,-1.0502,-0.4306,-0.3115,-1.3180,-1.3055,-0.3161,-0.1995,-1.7099,-0.2842,-1.3968,-0.3192,-1.2972,-0.0809,-2.5542,-0.1345,-2.0723
810,0,21.80583662504245,-0.1476,-1.9862,-0.0790,-2.5769,-0.2473,-1.5181,-0.2297,-1.5835,-1.0541,-0.4285,-0.1142,-2.2263,-1.3311,-0.3068,-0.4013,-1.1069,-0.1241,-2.1482,-0.2430,-1.5337,-0.0908,-2.4440,-0.0611,-2.8257
840,0,38.92272176618409,-0.0556,-2.9174,-0.0100,-4.6092,-0.5047,-0.9255,-0.2180,-1.6304,-1.6857,-0.2050,-0.0885,-2.4685,-0.7607,-0.6299,-0.0955,-2.3956,-0.1258,-2.1354,-0.3704,-1.1728,-0.1316,-2.0934,-0.0646,-2.7718
870,0,60.080152708063046,-0.0383,-3.2824,-0.0073,-4.9229,-0.4073,-1.0950,-0.2574,-1.4831,-1.8378,-0.1734,-0.1227,-2.1585,-0.7689,-0.6227,-0.1708,-1.8515,-0.1178,-2.1974,-0.3537,-1.2109,-0.1393,-2.0398,-0.1071,-2.2871
900,0,39.41520773567609,-0.0640,-2.7805,-0.0112,-4.4934,-0.5215,-0.9005,-0.1487,-1.9792,-1.4812,-0.2579,-0.1131,-2.2356,-0.7336,-0.6542,-0.1040,-2.3145,-0.1289,-2.1122,-0.5221,-0.8996,-0.1418,-2.0235,-0.1433,-2.0136
930,0,38.95062221289292,-0.0388,-3.2696,-0.0100,-4.6076,-0.3738,-1.1651,-0.1437,-2.0112,-1.2170,-0.3511,-0.1240,-2.1489,-0.7129,-0.6738,-0.0707,-2.6848,-0.3133,-1.3132,-0.3189,-1.2981,-0.1300,-2.1047,-0.2151,-1.6421
960,0,28.70659949331519,-0.0539,-2.9468,-0.0145,-4.2429,-0.3648,-1.1853,-0.1530,-1.9530,-1.0360,-0.4383,-0.1205,-2.1761,-0.7288,-0.6588,-0.0653,-2.7613,-0.2822,-1.4028,-0.3557,-1.2063,-0.1414,-2.0257,-0.2274,-1.5927
990,0,30.381842724577325,-0.1003,-2.3489,-0.0240,-3.7428,-0.2922,-1.3729,-0.1282,-2.1176,-0.9202,-0.5082,-0.2368,-1.5566,-1.0960,-0.4068,-0.0627,-2.8003,-0.2574,-1.4832,-0.4179,-1.0741,-0.2034,-1.6924,-0.2325,-1.5730
1020,0,15.242518352421268,-0.0773,-2.5985,-0.0250,-3.7027,-0.6746,-0.7120,-0.1249,-2.1423,-1.1093,-0.4002,-0.1689,-1.8614,-0.9919,-0.4634,-0.1027,-2.3266,-0.1746,-1.8313,-0.4576,-1.0018,-0.1495,-1.9745,-0.1339,-2.0768
1050,0,6.991230358311413,-0.0691,-2.7061,-0.0223,-3.8138,-0.3796,-1.1524,-0.1252,-2.1400,-1.0844,-0.4126,-0.1526,-1.9553,-1.0093,-0.4533,-0.0813,-2.5495,-0.1859,-1.7740,-0.5286,-0.8902,-0.1203,-2.1777,-0.1509,-1.9656
1080,1,20.8558945663536,-0.0412,-3.2091,-0.0739,-2.6413,-0.4799,-0.9645,-0.1732,-1.8386,-0.8117,-0.5872,-0.2094,-1.6663,-1.5986,-0.2259,-0.2148,-1.6437,-0.1751,-1.8288,-0.4845,-0.9571,-0.1137,-2.2307,-0.0411,-3.2112
1110,0,6.862821074758743,-0.0784,-2.5851,-0.0444,-3.1377,-0.6958,-0.6905,-0.1408,-2.0298,-1.2071,-0.3553,-0.1963,-1.7249,-0.9752,-0.4734,-0.2872,-1.3877,-0.0760,-2.6150,-0.4313,-1.0489,-0.1104,-2.2584,-0.0352,-3.3648
1140,0,6.203060850788601,-0.1150,-2.2198,-0.0419,-3.1938,-0.4606,-0.9966,-0.1350,-2.0695,-1.3666,-0.2943,-0.1794,-1.8066,-0.9853,-0.4673,-0.2212,-1.6174,-0.1198,-2.1811,-0.3995,-1.1106,-0.1566,-1.9311,-0.0717,-2.6711
1170,0,4.460787363079449,-0.0887,-2.4662,-0.0272,-3.6178,-0.7065,-0.6800,-0.1279,-2.1197,-1.4678,-0.2619,-0.1434,-2.0128,-0.8628,-0.5481,-0.2143,-1.6454,-0.1412,-2.0275,-0.4367,-1.0390,-0.1684,-1.8646,-0.0891,-2.4627
1200,0,5.756665390152506,-0.0881,-2.4728,-0.0431,-3.1664,-0.4184,-1.0732,-0.1131,-2.2357,-1.3094,-0.3147,-0.1771,-1.8182,-1.0854,-0.4121,-0.2928,-1.3711,-0.1595,-1.9144,-0.4933,-0.9432,-0.1199,-2.1806,-0.0687,-2.7124
1230,0,7.40180909837731,-0.0808,-2.5553,-0.0397,-3.2456,-0.5451,-0.8670,-0.1138,-2.2300,-1.3329,-0.3062,-0.1748,-1.8302,-1.0328,-0.4401,-0.2717,-1.4359,-0.1367,-2.0573,-0.5266,-0.8931,-0.1443,-2.0074,-0.0746,-2.6328
1260,0,9.591537441207242,-0.0585,-2.8683,-0.0229,-3.7894,-0.6463,-0.7423,-0.1379,-2.0494,-1.4422,-0.2697,-0.1383,-2.0464,-0.7877,-0.6067,-0.2342,-1.5665,-0.1387,-2.0441,-0.4269,-1.0571,-0.1596,-1.9141,-0.0783,-2.5863
1290,1,19.029580117461467,-0.0820,-2.5417,-0.0125,-4.3894,-0.8884,-0.5299,-0.2890,-1.3823,-1.7041,-0.2008,-0.1299,-2.1053,-0.6025,-0.7928,-0.1180,-2.1955,-0.1892,-1.7581,-0.5676,-0.8368,-0.1403,-2.0331,-0.1575,-1.9261
1320,0,18.218306638853957,-0.1146,-2.2227,-0.0196,-3.9414,-0.8276,-0.5747,-0.1834,-1.7861,-1.3710,-0.2928,-0.1398,-2.0368,-0.7056,-0.6809,-0.0701,-2.6923,-0.2000,-1.7079,-0.5350,-0.8811,-0.0977,-2.3741,-0.2975,-1.3574
1350,0,16.682322484203358,-0.1999,-1.7080,-0.0652,-2.7620,-0.6456,-0.7431,-0.1351,-2.0685,-1.2307,-0.3454,-0.1294,-2.1085,-0.7093,-0.6773,-0.0858,-2.4984,-0.2889,-1.3825,-0.7261,-0.6613,-0.1786,-1.8108,-0.4994,-0.9336
1380,0,9.610485386903427,-0.1285,-2.1154,-0.0380,-3.2891,-0.8735,-0.5404,-0.1494,-1.9749,-1.1869,-0.3641,-0.1346,-2.0717,-0.7548,-0.6351,-0.1208,-2.1736,-0.2568,-1.4852,-0.5377,-0.8773,-0.1677,-1.8684,-0.2178,-1.6309
1410,0,19.349887480806277,-0.0134,-4.3206,-0.0195,-3.9484,-0.8416,-0.5639,-0.2742,-1.4277,-1.5764,-0.2316,-0.6847,-0.7017,-1.5337,-0.2430,-0.5819,-0.8183,-0.1707,-1.8522,-0.1687,-1.8628,-0.1070,-2.2875,-0.0413,-3.2069
1440,0,28.397604627958845,-0.0113,-4.4866,-0.0213,-3.8580,-0.0432,-3.1642,-0.0420,-3.1920,-0.6913,-0.6950,-0.1041,-2.3139,-1.4884,-0.2558,-0.0501,-3.0195,-0.6509,-0.7373,-0.2566,-1.4859,-0.0745,-2.6344,-0.0274,-3.6098
1470,1,31.047900091649712,-0.0130,-4.3531,-0.0133,-4.3242,-0.0543,-2.9405,-0.0167,-4.1001,-0.4629,-0.9927,-0.0498,-3.0243,-0.8559,-0.5532,-0.0392,-3.2597,-0.6563,-0.7314,-0.2132,-1.6501,-0.0415,-3.2021,-0.0667,-2.7404
1500,0,19.63881534042769,-0.0118,-4.4474,-0.0235,-3.7619,-0.0430,-3.1682,-0.0519,-2.9849,-0.3895,-1.1314,-0.2012,-1.7026,-2.0664,-0.1354,-0.0421,-3.1886,-0.4338,-1.0442,-0.1013,-2.3395,-0.0731,-2.6527,-0.0192,-3.9626
1530,0,14.570003524453783,-0.0061,-5.0975,-0.0088,-4.7319,-0.0613,-2.8219,-0.0411,-3.2131,-0.4086,-1.0923,-0.1509,-1.9656,-1.5041,-0.2513,-0.0292,-3.5475,-0.2882,-1.3847,-0.0994,-2.3582,-0.1388,-2.0432,-0.0198,-3.9300
1560,0,11.40571583325969,-0.0067,-5.0121,-0.0202,-3.9120,-0.0310,-3.4891,-0.0446,-3.1318,-0.2626,-1.4656,-0.1634,-1.8922,-1.9611,-0.1516,-0.0318,-3.4631,-0.2820,-1.4036,-0.0909,-2.4428,-0.0962,-2.3889,-0.0174,-4.0615
1590,0,30.46994621312525,-0.3008,-1.3478,-0.3218,-1.2904,-0.7732,-0.6190,-0.0635,-2.7888,-0.6034,-0.7918,-0.2672,-1.4504,-0.7140,-0.6728,-0.4780,-0.9677,-0.0603,-2.8387,-0.0191,-3.9671,-0.0052,-5.2671,-0.0014,-6.5520
1620,2,19.5386995860035,-0.6502,-0.7380,-0.0927,-2.4241,-2.2138,-0.1157,-0.0551,-2.9259,-1.1832,-0.3657,-0.0498,-3.0252,-0.1120,-2.2448,-0.1034,-2.3202,-0.0156,-4.1667,-0.2991,-1.3528,-0.0157,-4.1594,-0.0061,-5.1017
1650,1,51.51461905377873,-0.0336,-3.4100,-0.0226,-3.8024,-0.6006,-0.7952,-0.1646,-1.8854,-1.8049,-0.1797,-0.3970,-1.1157,-1.1436,-0.3837,-0.1048,-2.3079,-0.2101,-1.6634,-0.3050,-1.3362,-0.2946,-1.3658,-0.0848,-2.5095
1680,1,28.297442675876777,-0.0107,-4.5438,-0.0130,-4.3493,-0.0408,-3.2204,-0.0911,-2.4410,-0.9879,-0.4658,-0.0886,-2.4677,-1.0667,-0.4218,-0.0281,-3.5877,-0.6879,-0.6985,-0.1576,-1.9253,-0.0497,-3.0270,-0.0389,-3.2654
1710,0,16.158423277565653,-0.0218,-3.8359,-0.0208,-3.8853,-0.0306,-3.5025,-0.0495,-3.0297,-0.3858,-1.1391,-0.1352,-2.0681,-1.8982,-0.1623,-0.0395,-3.2522,-0.6909,-0.6954,-0.1555,-1.9379,-0.0857,-2.4999,-0.0279,-3.5939
1740,0,29.73988599424431,-0.0800,-2.5658,-0.2299,-1.5830,-0.0486,-3.0484,-0.0871,-2.4839,-0.2724,-1.4334,-0.2120,-1.6552,-2.3046,-0.1051,-0.0950,-2.4014,-0.6025,-0.7928,-0.0679,-2.7229,-0.0483,-3.0544,-0.0040,-5.5165
1770,0,18.807258434080453,-0.0151,-4.2007,-0.0312,-3.4840,-0.0124,-4.3957,-0.0581,-2.8750,-0.4006,-1.1084,-0.1723,-1.8435,-2.9480,-0.0539,-0.0629,-2.7974,-0.4727,-0.9764,-0.1338,-2.0775,-0.0901,-2.4520,-0.0123,-4.4021
1800,0,11.48315811370303,-0.0131,-4.3391,-0.0117,-4.4506,-0.0169,-4.0914,-0.0618,-2.8145,-0.4815,-0.9619,-0.1344,-2.0730,-2.3618,-0.0990,-0.0445,-3.1338,-0.5860,-0.8132,-0.1535,-1.9497,-0.1251,-2.1407,-0.0234,-3.7669
1830,0,9.940769534922339,-0.0213,-3.8619,-0.0282,-3.5814,-0.0164,-4.1166,-0.1357,-2.0641,-0.4682,-0.9838,-0.3628,-1.1898,-3.8265,-0.0220,-0.0982,-2.3696,-0.7700,-0.6218,-0.1085,-2.2747,-0.2364,-1.5582,-0.0046,-5.3735
1860,0,6.353605979266818,-0.0106,-4.5561,-0.0139,-4.2811,-0.0248,-3.7105,-0.0532,-2.9601,-0.3583,-1.2001,-0.1707,-1.8520,-2.7380,-0.0669,-0.0716,-2.6722,-0.7224,-0.6648,-0.2253,-1.6007,-0.1438,-2.0107,-0.0386,-3.2747
1890,0,15.654363126958161,-0.0603,-2.8378,-0.0918,-2.4341,-0.0386,-3.2745,-0.0637,-2.7851,-0.3491,-1.2218,-0.1579,-1.9234,-2.3541,-0.0998,-0.0476,-3.0677,-0.2202,-1.6214,-0.0773,-2.5985,-0.0262,-3.6548,-0.0052,-5.2600
1920,0,13.282333154819776,-0.0183,-4.0096,-0.0341,-3.3965,-0.0141,-4.2683,-0.0586,-2.8654,-0.3838,-1.1434,-0.1990,-1.7122,-2.8210,-0.0614,-0.0651,-2.7643,-0.3467,-1.2276,-0.1277,-2.1212,-0.0712,-2.6781,-0.0103,-4.5782
1950,1,15.109227064522507,-0.0145,-4.2379,-0.0195,-3.9448,-0.0176,-4.0464,-0.0468,-3.0849,-0.3432,-1.2362,-0.1522,-1.9575,-2.3412,-0.1012,-0.0422,-3.1869,-0.3265,-1.2782,-0.1407,-2.0308,-0.0648,-2.7688,-0.0107,-4.5468
1980,1,14.081742589345229,-0.0144,-4.2490,-0.0255,-3.6808,-0.0069,-4.9865,-0.0932,-2.4190,-0.4057,-1.0982,-0.2297,-1.5835,-2.9036,-0.0564,-0.0412,-3.2110,-0.3523,-1.2141,-0.1497,-1.9728,-0.0766,-2.6077,-0.0096,-4.6491
2010,1,7.274441287814,-0.0148,-4.2179,-0.0206,-3.8918,-0.0251,-3.6964,-0.0515,-2.9910,-0.3062,-1.3327,-0.1338,-2.0774,-2.5776,-0.0790,-0.0363,-3.3328,-0.4257,-1.0594,-0.1123,-2.2423,-0.0410,-3.2153,-0.0070,-4.9649
2040,0,8.433203647267739,-0.0161,-4.1379,-0.0350,-3.3698,-0.0184,-4.0067,-0.0605,-2.8355,-0.2763,-1.4212,-0.1949,-1.7313,-2.8691,-0.0584,-0.0705,-2.6875,-0.3560,-1.2056,-0.1061,-2.2955,-0.0528,-2.9678,-0.0102,-4.5877
2070,0,10.73867821360807,-0.0198,-3.9299,-0.0167,-4.0983,-0.0236,-3.7584,-0.0475,-3.0713,-0.3723,-1.1684,-0.1655,-1.8801,-2.5638,-0.0801,-0.0338,-3.4038,-0.3397,-1.2447,-0.1280,-2.1194,-0.0615,-2.8188,-0.0103,-4.5854
2100,1,12.780924821499408,-0.0191,-3.9691,-0.0159,-4.1515,-0.0365,-3.3274,-0.0602,-2.8401,-0.3877,-1.1351,-0.2171,-1.6341,-2.3242,-0.1030,-0.0478,-3.0652,-0.3532,-1.2121,-0.1602,-1.9106,-0.0948,-2.4031,-0.0164,-4.1177
2130,0,6.420341532510236,-0.0197,-3.9353,-0.0162,-4.1313,-0.0305,-3.5052,-0.0603,-2.8387,-0.3274,-1.2758,-0.1978,-1.7178,-2.5294,-0.0831,-0.0448,-3.1277,-0.4130,-1.0838,-0.1525,-1.9561,-0.1181,-2.1945,-0.0202,-3.9109
2160,0,7.885442963089769,-0.0161,-4.1349,-0.0190,-3.9724,-0.0194,-3.9536,-0.0485,-3.0505,-0.2683,-1.4466,-0.2197,-1.6235,-2.6096,-0.0764,-0.0509,-3.0025,-0.4869,-0.9532,-0.1350,-2.0691,-0.1207,-2.1739,-0.0203,-3.9065
2190,1,14.785128695153045,-0.0122,-4.4144,-0.0132,-4.3332,-0.0216,-3.8436,-0.0439,-3.1473,-0.3020,-1.3445,-0.1578,-1.9245,-2.6258,-0.0751,-0.0442,-3.1412,-0.4643,-0.9905,-0.1635,-1.8918,-0.1396,-2.0377,-0.0229,-3.7887
2220,1,12.7201360314172,-0.0197,-3.9386,-0.0264,-3.6475,-0.0378,-3.2945,-0.0621,-2.8093,-0.3838,-1.1435,-0.1708,-1.8515,-2.3720,-0.0979,-0.0463,-3.0966,-0.5270,-0.8924,-0.1377,-2.0508,-0.1314,-2.0947,-0.0241,-3.7381
2250,0,8.575834155728788,-0.0212,-3.8632,-0.0263,-3.6510,-0.0117,-4.4563,-0.0375,-3.3022,-0.2167,-1.6355,-0.1652,-1.8821,-2.4952,-0.0861,-0.0555,-2.9197,-0.3598,-1.1966,-0.1475,-1.9867,-0.1322,-2.0891,-0.0146,-4.2323
2280,1,15.745703121665537,-0.0157,-4.1599,-0.0252,-3.6941,-0.0213,-3.8607,-0.0486,-3.0481,-0.3728,-1.1672,-0.1860,-1.7733,-2.5872,-0.0782,-0.0348,-3.3757,-0.5071,-0.9219,-0.1338,-2.0779,-0.0990,-2.3621,-0.0160,-4.1423
2310,0,19.053838217417383,-0.0263,-3.6499,-0.0263,-3.6501,-0.0338,-3.4039,-0.0622,-2.8088,-0.4453,-1.0234,-0.1445,-2.0059,-2.1190,-0.1280,-0.0328,-3.4323,-0.3421,-1.2388,-0.1367,-2.0572,-0.0759,-2.6156,-0.0188,-3.9852
2340,0,12.584342320622731,-0.0263,-3.6526,-0.0095,-4.6646,-0.0365,-3.3285,-0.0515,-2.9923,-0.3496,-1.2206,-0.1398,-2.0366,-2.7348,-0.0671,-0.0474,-3.0732,-0.4538,-1.0084,-0.1261,-2.1332,-0.1323,-2.0883,-0.0022,-6.1018
2370,1,27.189133434634723,-0.0189,-3.9802,-0.0568,-2.8959,-0.0275,-3.6077,-0.1487,-1.9791,-0.4275,-1.0560,-0.1441,-2.0083,-2.7142,-0.0686,-0.0325,-3.4416,-0.2515,-1.5033,-0.1029,-2.3252,-0.0611,-2.8257,-0.0138,-4.2926
2400,0,14.361023728305865,-0.0159,-4.1522,-0.0249,-3.7043,-0.0188,-3.9813,-0.0853,-2.5043,-0.3240,-1.2847,-0.1094,-2.2673,-2.7323,-0.0673,-0.0371,-3.3117,-0.2539,-1.4952,-0.0813,-2.5501,-0.0821,-2.5410,-0.0062,-5.0919
2430,0,18.595002968304634,-0.0179,-4.0297,-0.0122,-4.4099,-0.0124,-4.3925,-0.0749,-2.6286,-0.3249,-1.2822,-0.2074,-1.6751,-2.9126,-0.0559,-0.0278,-3.5966,-0.2281,-1.5898,-0.1162,-2.2102,-0.1572,-1.9281,-0.0010,-6.8992
2460,1,13.362021422174633,-0.0126,-4.3786,-0.0322,-3.4532,-0.0155,-4.1777,-0.0939,-2.4124,-0.3518,-1.2154,-0.1719,-1.8455,-3.0197,-0.0500,-0.0523,-2.9760,-0.4868,-0.9534,-0.3172,-1.3026,-0.2119,-1.6557,-0.0372,-3.3104
2490,1,7.413604912515919,-0.0217,-3.8399,-0.0383,-3.2803,-0.0252,-3.6941,-0.1024,-2.3301,-0.3935,-1.1229,-0.1883,-1.7622,-2.8718,-0.0583,-0.0569,-2.8945,-0.4871,-0.9530,-0.2722,-1.4341,-0.1951,-1.7304,-0.0260,-3.6619
2520,1,14.112685801933525,-0.0094,-4.6677,-0.0147,-4.2295,-0.0261,-3.6605,-0.0696,-2.6995,-0.3360,-1.2540,-0.1254,-2.1382,-2.8372,-0.0604,-0.0432,-3.1639,-0.5606,-0.8459,-0.1802,-1.8026,-0.0821,-2.5402,-0.0117,-4.4523
2550,1,21.92826767852641,-0.0132,-4.3334,-0.0144,-4.2451,-0.0119,-4.4402,-0.0651,-2.7644,-0.3133,-1.3130,-0.1414,-2.0258,-2.7589,-0.0655,-0.0651,-2.7638,-0.4548,-1.0066,-0.2335,-1.5691,-0.1422,-2.0207,-0.0212,-3.8624
2580,1,8.171388000261562,-0.0185,-3.9985,-0.0148,-4.2178,-0.0298,-3.5289,-0.0569,-2.8948,-0.2866,-1.3897,-0.1454,-1.9998,-2.6669,-0.0720,-0.0511,-2.9997,-0.5451,-0.8670,-0.1894,-1.7569,-0.1176,-2.1983,-0.0197,-3.9375
2610,1,10.746792212594878,-0.0210,-3.8717,-0.0168,-4.0962,-0.0381,-3.2860,-0.0536,-2.9524,-0.2937,-1.3685,-0.1373,-2.0537,-2.3716,-0.0980,-0.0608,-2.8306,-0.3503,-1.2191,-0.1616,-1.9025,-0.1029,-2.3247,-0.0241,-3.7391
2640,1,10.068033564067338,-0.0262,-3.6561,-0.0206,-3.8950,-0.0327,-3.4359,-0.0599,-2.8451,-0.3155,-1.3071,-0.1461,-1.9956,-2.2840,-0.1074,-0.0593,-2.8554,-0.3382,-1.2485,-0.1960,-1.7262,-0.1012,-2.3405,-0.0247,-3.7119
2670,0,30.665092278824556,-0.0148,-4.2201,-0.0224,-3.8104,-0.0300,-3.5210,-0.0540,-2.9452,-0.2495,-1.5103,-0.1893,-1.7575,-2.5625,-0.0803,-0.0403,-3.2308,-0.4500,-1.0150,-0.2379,-1.5524,-0.0515,-2.9909,-0.0127,-4.3693
2700,2,17.886762352134607,-0.0247,-3.7114,-0.0164,-4.1193,-0.0201,-3.9153,-0.0797,-2.5692,-0.3313,-1.2658,-0.2295,-1.5843,-3.3688,-0.0350,-0.0563,-2.9042,-0.3214,-1.2915,-0.1447,-2.0043,-0.0707,-2.6842,-0.0024,-6.0500
2730,3,11.956228882863373,-0.0341,-3.3951,-0.0169,-4.0902,-0.0188,-3.9807,-0.0818,-2.5443,-0.2887,-1.3832,-0.1947,-1.7321,-3.4028,-0.0338,-0.0496,-3.0293,-0.4407,-1.0316,-0.1818,-1.7944,-0.0603,-2.8383,-0.0029,-5.8329
2760,1,11.528260721691765,-0.0071,-4.9537,-0.0157,-4.1638,-0.0275,-3.6070,-0.0771,-2.6004,-0.2870,-1.3882,-0.1883,-1.7623,-3.1575,-0.0435,-0.1112,-2.2513,-0.9636,-0.4805,-0.2454,-1.5250,-0.0837,-2.5217,-0.0238,-3.7501
2790,0,11.121581708944758,-0.0189,-3.9802,-0.0197,-3.9381,-0.0398,-3.2431,-0.0889,-2.4642,-0.3349,-1.2567,-0.1788,-1.8093,-2.5811,-0.0787,-0.0669,-2.7379,-0.6021,-0.7934,-0.2165,-1.6364,-0.1448,-2.0037,-0.0411,-3.2119
2820,1,13.143852894187322,-0.0138,-4.2871,-0.0144,-4.2479,-0.0298,-3.5288,-0.0816,-2.5460,-0.2673,-1.4500,-0.1367,-2.0577,-2.4702,-0.0884,-0.0598,-2.8470,-0.3891,-1.1321,-0.2227,-1.6111,-0.1849,-1.7791,-0.0459,-3.1037
2850,1,16.55502449268297,-0.0141,-4.2656,-0.0129,-4.3537,-0.0273,-3.6144,-0.0695,-2.7005,-0.3091,-1.3248,-0.1301,-2.1036,-2.3557,-0.0996,-0.0516,-2.9900,-0.7041,-0.6823,-0.1605,-1.9087,-0.1233,-2.1541,-0.0252,-3.6950
2880,1,15.418670117752542,-0.0167,-4.1036,-0.0147,-4.2253,-0.0375,-3.3010,-0.0798,-2.5684,-0.3380,-1.2489,-0.1405,-2.0317,-2.4110,-0.0940,-0.0520,-2.9815,-0.4969,-0.9375,-0.1307,-2.0995,-0.1255,-2.1379,-0.0180,-4.0245
2910,1,16.627481682852405,-0.0150,-4.2070,-0.0137,-4.2995,-0.0347,-3.3790,-0.0700,-2.6946,-0.2550,-1.4914,-0.1240,-2.1490,-2.3698,-0.0982,-0.0573,-2.8878,-0.5171,-0.9070,-0.1756,-1.8261,-0.1704,-1.8535,-0.0300,-3.5201
2940,0,10.661833411772637,-0.0177,-4.0406,-0.0170,-4.0856,-0.0230,-3.7819,-0.0460,-3.1023,-0.3693,-1.1750,-0.0897,-2.4557,-2.2713,-0.1089,-0.0583,-2.8709,-0.4681,-0.9840,-0.1538,-1.9481,-0.0811,-2.5525,-0.0331,-3.4253
2970,1,16.966723592220816,-0.0172,-4.0709,-0.0121,-4.4204,-0.0300,-3.5204,-0.0406,-3.2248,-0.3153,-1.3076,-0.0991,-2.3612,-2.4866,-0.0869,-0.0265,-3.6420,-0.3722,-1.1687,-0.1410,-2.0286,-0.1548,-1.9420,-0.0112,-4.4939
3000,0,5.354245432939491,-0.0092,-4.6956,-0.0122,-4.4121,-0.0267,-3.6362,-0.0437,-3.1512,-0.3444,-1.2332,-0.1134,-2.2330,-2.3862,-0.0965,-0.0317,-3.4668,-0.3016,-1.3456,-0.1949,-1.7314,-0.1328,-2.0844,-0.0214,-3.8567
3030,1,22.527562568451586,-0.0054,-5.2184,-0.0055,-5.2072,-0.0186,-3.9922,-0.0396,-3.2485,-0.2520,-1.5016,-0.0785,-2.5841,-2.1795,-0.1200,-0.0406,-3.2246,-0.4147,-1.0803,-0.1430,-2.0158,-0.0709,-2.6813,-0.0067,-5.0137
3060,1,24.32777417989768,-0.1491,-1.9767,-0.1173,-2.2009,-0.5346,-0.8816,-0.2194,-1.6244,-1.5960,-0.2265,-0.2613,-1.4698,-2.0790,-0.1336,-0.1289,-2.1121,-0.1342,-2.0746,-0.2524,-1.5001,-0.1091,-2.2700,-0.0173,-4.0645
3090,2,17.936295451511388,-0.3086,-1.3261,-0.0330,-3.4280,-0.1606,-1.9080,-0.3587,-1.1992,-1.1517,-0.3799,-0.3867,-1.1372,-2.0664,-0.1354,-0.2583,-1.4801,-0.4925,-0.9445,-0.5092,-0.9188,-0.2132,-1.6501,-0.1010,-2.3432
3120,1,15.306800769281152,-0.0323,-3.4502,-0.0420,-3.1902,-0.0502,-3.0174,-0.0678,-2.7245,-0.4260,-1.0588,-0.1653,-1.8814,-2.7508,-0.0660,-0.0635,-2.7887,-0.5701,-0.8335,-0.3437,-1.2350,-0.0643,-2.7762,-0.0772,-2.6001
3150,2,23.47489774875751,-0.0092,-4.6964,-0.0207,-3.8891,-0.0151,-4.1978,-0.0544,-2.9392,-0.6426,-0.7464,-0.0907,-2.4454,-1.9515,-0.1532,-0.0630,-2.7957,-0.2550,-1.4913,-0.0924,-2.4274,-0.0251,-3.6993,-0.0322,-3.4510
3180,1,15.117627787650395,-0.0150,-4.2052,-0.0327,-3.4354,-0.0216,-3.8437,-0.0528,-2.9674,-0.5278,-0.8913,-0.0415,-3.2021,-1.5881,-0.2285,-0.0292,-3.5486,-0.0918,-2.4339,-0.0486,-3.0484,-0.0147,-4.2266,-0.0135,-4.3124
3210,0,27.761872282363534,-0.0128,-4.3673,-0.0452,-3.1190,-0.0350,-3.3692,-0.0789,-2.5783,-0.2234,-1.6084,-0.2200,-1.6219,-2.0070,-0.1443,-0.0303,-3.5130,-0.1168,-2.2047,-0.0131,-4.3419,-0.0089,-4.7234,-0.0002,-8.7736
3240,1,19.754504919995938,-0.1351,-2.0683,-0.1087,-2.2733,-0.0395,-3.2519,-0.0484,-3.0520,-0.1093,-2.2678,-0.1301,-2.1036,-1.3063,-0.3158,-0.0288,-3.5601,-0.0549,-2.9288,-0.0052,-5.2571,-0.0012,-6.7136,-0.0000,-10.3436
3270,0,29.223495135475105,-0.2075,-1.6745,-0.0919,-2.4326,-0.1340,-2.0759,-0.1303,-2.1024,-0.4110,-1.0877,-0.0845,-2.5131,-0.5185,-0.9049,-0.0096,-4.6556,-0.0304,-3.5080,-0.0310,-3.4904,-0.0033,-5.7018,-0.0002,-8.6311
3300,2,18.654467108690096,-0.0988,-2.3635,-0.0490,-3.0403,-0.0594,-2.8530,-0.2534,-1.4970,-0.5952,-0.8017,-0.1798,-1.8047,-2.0500,-0.1378,-0.0144,-4.2497,-0.1076,-2.2825,-0.0977,-2.3743,-0.0168,-4.0928,-0.0023,-6.0912
3330,0,23.747020820726803,-0.0162,-4.1301,-0.0093,-4.6824,-0.1313,-2.0955,-0.2876,-1.3864,-1.4957,-0.2537,-0.1889,-1.7595,-2.0802,-0.1334,-0.0873,-2.4819,-0.1391,-2.0416,-0.0687,-2.7120,-0.0415,-3.2031,-0.0152,-4.1963
3360,0,32.09418890599212,-0.7300,-0.6576,-0.0468,-3.0846,-1.8144,-0.1779,-0.2238,-1.6069,-2.7250,-0.0678,-0.4219,-1.0666,-0.8723,-0.5412,-0.0736,-2.6458,-0.3953,-1.1192,-0.4619,-0.9944,-0.2254,-1.6004,-0.0671,-2.7349
3390,1,35.04670669521257,-0.9828,-0.4688,-0.1124,-2.2411,-2.0772,-0.1339,-0.3037,-1.3398,-3.2482,-0.0396,-0.2860,-1.3914,-0.7922,-0.6030,-0.0608,-2.8298,-0.5550,-0.8535,-0.3714,-1.1704,-0.2061,-1.6805,-0.0953,-2.3979
3420,1,38.19609532017153,-0.0114,-4.4778,-0.0057,-5.1707,-0.1585,-1.9200,-0.0946,-2.4051,-1.2765,-0.3271,-0.1173,-2.2007,-0.8578,-0.5518,-0.0213,-3.8598,-0.4107,-1.0882,-0.1154,-2.2166,-0.0335,-3.4115,-0.0162,-4.1326
3450,1,15.226233808279945,-0.0064,-5.0615,-0.0047,-5.3554,-0.0298,-3.5267,-0.0668,-2.7390,-0.7123,-0.6744,-0.1676,-1.8689,-1.3878,-0.2872,-0.0465,-3.0906,-0.5189,-0.9043,-0.1244,-2.1457,-0.0636,-2.7870,-0.0271,-3.6223
3480,1,18.62810079961197,-0.0027,-5.9281,-0.0044,-5.4319,-0.0128,-4.3644,-0.0643,-2.7762,-0.4627,-0.9931,-0.1442,-2.0078,-1.9892,-0.1471,-0.0746,-2.6330,-0.4722,-0.9771,-0.1305,-2.1006,-0.1090,-2.2707,-0.0280,-3.5912
3510,2,24.970615413194,-0.0088,-4.7359,-0.0137,-4.2950,-0.0118,-4.4475,-0.0480,-3.0609,-0.3342,-1.2584,-0.2398,-1.5456,-2.2414,-0.1124,-0.1406,-2.0314,-0.2836,-1.3986,-0.0787,-2.5809,-0.1144,-2.2248,-0.0355,-3.3569
3540,1,14.53541683864559,-0.0080,-4.8328,-0.0162,-4.1281,-0.0171,-4.0747,-0.0675,-2.7286,-0.3814,-1.1486,-0.1904,-1.7522,-2.3895,-0.0962,-0.1276,-2.1223,-0.2263,-1.5970,-0.1249,-2.1422,-0.1455,-1.9992,-0.0336,-3.4106
3570,0,6.344872444566788,-0.0109,-4.5264,-0.0079,-4.8472,-0.0244,-3.7256,-0.0482,-3.0561,-0.3405,-1.2428,-0.1827,-1.7900,-2.1748,-0.1206,-0.0947,-2.4039,-0.1988,-1.7134,-0.0980,-2.3713,-0.1000,-2.3519,-0.0213,-3.8575
3600,0,4.508825579059801,-0.0092,-4.6980,-0.0049,-5.3168,-0.0268,-3.6314,-0.0454,-3.1145,-0.4567,-1.0035,-0.1969,-1.7218,-2.1365,-0.1256,-0.0803,-2.5616,-0.2599,-1.4746,-0.1241,-2.1483,-0.0815,-2.5473,-0.0188,-3.9822
3630,0,4.747340976051717,-0.0072,-4.9394,-0.0032,-5.7464,-0.0213,-3.8619,-0.0701,-2.6930,-0.4354,-1.0413,-0.1996,-1.7095,-2.4469,-0.0905,-0.1003,-2.3490,-0.2599,-1.4747,-0.0945,-2.4062,-0.0832,-2.5278,-0.0199,-3.9284
3660,1,10.438207404617598,-0.0057,-5.1740,-0.0052,-5.2578,-0.0283,-3.5791,-0.0730,-2.6539,-0.6599,-0.7276,-0.2003,-1.7062,-1.9977,-0.1458,-0.0826,-2.5349,-0.2546,-1.4927,-0.1023,-2.3306,-0.0656,-2.7572,-0.0272,-3.6179
3690,0,8.466075500647804,-0.0090,-4.7197,-0.0065,-5.0328,-0.0156,-4.1684,-0.0644,-2.7751,-0.4713,-0.9787,-0.1639,-1.8896,-2.6209,-0.0755,-0.0709,-2.6815,-0.1483,-1.9819,-0.1059,-2.2982,-0.1158,-2.2130,-0.0107,-4.5452
3720,1,12.897770185845731,-0.0039,-5.5422,-0.0057,-5.1702,-0.0578,-2.8803,-0.1321,-2.0896,-0.7376,-0.6506,-0.1706,-1.8528,-2.8793,-0.0578,-0.1513,-1.9634,-0.5976,-0.7987,-0.1461,-1.9957,-0.1612,-1.9048,-0.0579,-2.8778
3750,2,13.461385128196097,-0.0079,-4.8425,-0.0086,-4.7651,-0.0401,-3.2374,-0.1037,-2.3173,-0.6243,-0.7671,-0.1997,-1.7090,-2.6523,-0.0731,-0.1413,-2.0265,-0.4155,-1.0788,-0.1455,-1.9997,-0.1091,-2.2692,-0.0367,-3.3233
3780,0,5.100766795413704,-0.0091,-4.7001,-0.0089,-4.7291,-0.0313,-3.4808,-0.0888,-2.4652,-0.5896,-0.8086,-0.1759,-1.8247,-2.1411,-0.1250,-0.0909,-2.4436,-0.3961,-1.1175,-0.1266,-2.1290,-0.0702,-2.6916,-0.0346,-3.3818
3810,1,13.139076505504367,-0.0090,-4.7102,-0.0099,-4.6184,-0.0269,-3.6287,-0.0610,-2.8269,-0.5065,-0.9228,-0.1719,-1.8456,-2.1310,-0.1264,-0.1129,-2.2372,-0.2834,-1.3993,-0.1243,-2.1468,-0.0841,-2.5174,-0.0443,-3.1394
3840,0,14.668455775103192,-0.0069,-4.9755,-0.0076,-4.8832,-0.0198,-3.9298,-0.0782,-2.5870,-0.4480,-1.0186,-0.2633,-1.4632,-2.5126,-0.0845,-0.1058,-2.2990,-0.2120,-1.6555,-0.1098,-2.2634,-0.1103,-2.2596,-0.0358,-3.3484
3870,1,15.70408476190872,-0.0070,-4.9665,-0.0069,-4.9843,-0.0177,-4.0447,-0.0917,-2.4342,-0.5281,-0.8909,-0.2206,-1.6199,-2.6326,-0.0746,-0.0965,-2.3859,-0.3129,-1.3143,-0.1942,-1.7343,-0.1245,-2.1447,-0.0387,-3.2720
3900,2,16.015910855525906,-0.0063,-5.0690,-0.0060,-5.1158,-0.0256,-3.6778,-0.0667,-2.7403,-0.5774,-0.8241,-0.1605,-1.9086,-2.1857,-0.1192,-0.0689,-2.7097,-0.2502,-1.5079,-0.1586,-1.9196,-0.0803,-2.5619,-0.0652,-2.7631
3930,0,11.83428094197396,-0.0062,-5.0856,-0.0091,-4.7081,-0.0065,-5.0426,-0.1028,-2.3259,-0.4057,-1.0982,-0.1135,-2.2321,-2.8104,-0.0621,-0.0812,-2.5512,-0.3172,-1.3026,-0.1596,-1.9137,-0.0899,-2.4537,-0.0545,-2.9375
3960,1,13.385285239625047,-0.0111,-4.5065,-0.0109,-4.5227,-0.0158,-4.1567,-0.0749,-2.6286,-0.4422,-1.0290,-0.1064,-2.2934,-2.2864,-0.1072,-0.0551,-2.9268,-0.2495,-1.5103,-0.1205,-2.1755,-0.0623,-2.8073,-0.0697,-2.6980
3990,1,11.578483442581925,-0.0081,-4.8214,-0.0053,-5.2439,-0.0370,-3.3163,-0.1029,-2.3246,-0.5947,-0.8023,-0.1253,-2.1387,-2.2422,-0.1123,-0.0486,-3.0481,-0.2950,-1.3646,-0.1165,-2.2074,-0.0556,-2.9170,-0.0353,-3.3624
4020,0,8.511795089759,-0.0112,-4.4968,-0.0088,-4.7398,-0.0236,-3.7588,-0.0845,-2.5134,-0.4729,-0.9760,-0.1288,-2.1135,-2.2446,-0.1120,-0.0515,-2.9922,-0.2324,-1.5734,-0.1068,-2.2900,-0.0629,-2.7975,-0.0511,-2.9987
4050,1,12.916633828579698,-0.0089,-4.7246,-0.0059,-5.1412,-0.0421,-3.1890,-0.0817,-2.5457,-0.5023,-0.9292,-0.1594,-1.9149,-2.3146,-0.1040,-0.0436,-3.1535,-0.3251,-1.2818,-0.1076,-2.2827,-0.0739,-2.6415,-0.0326,-3.4383
4080,1,13.879823006250225,-0.0098,-4.6262,-0.0056,-5.1875,-0.0505,-3.0111,-0.0805,-2.5596,-0.4906,-0.9474,-0.1352,-2.0679,-2.1534,-0.1234,-0.0370,-3.3148,-0.3246,-1.2831,-0.1198,-2.1812,-0.0608,-2.8307,-0.0320,-3.4567
4110,0,5.725276732907684,-0.0088,-4.7362,-0.0058,-5.1548,-0.0374,-3.3060,-0.0664,-2.7447,-0.5468,-0.8647,-0.1414,-2.0263,-1.9902,-0.1470,-0.0422,-3.1872,-0.2994,-1.3518,-0.0904,-2.4486,-0.0653,-2.7619,-0.0395,-3.2511
4140,1,13.498054958417988,-0.0081,-4.8212,-0.0064,-5.0568,-0.0346,-3.3815,-0.0779,-2.5907,-0.5550,-0.8535,-0.1253,-2.1391,-1.9725,-0.1498,-0.0607,-2.8321,-0.3076,-1.3289,-0.1015,-2.3381,-0.0728,-2.6568,-0.0644,-2.7750
4170,0,21.244961333784417,-0.0082,-4.8104,-0.0187,-3.9893,-0.0097,-4.6380,-0.1103,-2.2591,-0.5482,-0.8627,-0.2349,-1.5639,-2.7078,-0.0690,-0.0494,-3.0315,-0.1824,-1.7915,-0.0619,-2.8124,-0.0386,-3.2725,-0.0095,-4.6649
4200,0,9.98818405424276,-0.0165,-4.1147,-0.0183,-4.0076,-0.0234,-3.7676,-0.1340,-2.0759,-0.6168,-0.7758,-0.1507,-1.9667,-2.4973,-0.0859,-0.0873,-2.4813,-0.1771,-1.8181,-0.0776,-2.5953,-0.0422,-3.1872,-0.0161,-4.1401
4230,0,14.758777309967806,-0.0064,-5.0544,-0.0050,-5.2937,-0.0224,-3.8105,-0.0634,-2.7892,-0.4257,-1.0593,-0.1450,-2.0026,-2.1569,-0.1229,-0.0672,-2.7336,-0.2712,-1.4373,-0.1628,-1.8954,-0.0922,-2.4297,-0.0514,-2.9928
4260,0,10.497355775201884,-0.0058,-5.1504,-0.0077,-4.8692,-0.0122,-4.4100,-0.0695,-2.7003,-0.5575,-0.8501,-0.1702,-1.8547,-2.2609,-0.1101,-0.0622,-2.8079,-0.2005,-1.7053,-0.2134,-1.6494,-0.0771,-2.6012,-0.1240,-2.1485
4290,1,18.60808705375407,-0.0064,-5.0593,-0.0049,-5.3112,-0.0284,-3.5749,-0.0857,-2.4993,-0.4854,-0.9557,-0.1705,-1.8531,-2.4209,-0.0930,-0.0460,-3.1022,-0.2790,-1.4129,-0.1469,-1.9907,-0.0594,-2.8537,-0.0472,-3.0777
4320,1,17.463763103945308,-0.0077,-4.8769,-0.0062,-5.0801,-0.0233,-3.7701,-0.0897,-2.4562,-0.4182,-1.0736,-0.2065,-1.6787,-2.4896,-0.0866,-0.0584,-2.8699,-0.3474,-1.2260,-0.1573,-1.9272,-0.0952,-2.3991,-0.0457,-3.1092
4350,1,17.52899317698812,-0.0057,-5.1745,-0.0053,-5.2500,-0.0141,-4.2705,-0.0758,-2.6173,-0.4435,-1.0267,-0.2097,-1.6650,-2.5884,-0.0781,-0.0425,-3.1787,-0.2013,-1.7020,-0.1503,-1.9696,-0.0470,-3.0802,-0.0503,-3.0149
4380,0,22.142696023193373,-0.0772,-2.6003,-0.0481,-3.0579,-0.1864,-1.7714,-0.1113,-2.2507,-0.8942,-0.5258,-0.2022,-1.6980,-2.0580,-0.1366,-0.1037,-2.3176,-0.1336,-2.0792,-0.1760,-1.8241,-0.0463,-3.0957,-0.0068,-4.9880
4410,0,26.734958413762133,-0.0613,-2.8220,-0.0126,-4.3781,-1.7965,-0.1814,-0.3371,-1.2512,-2.4017,-0.0949,-0.4554,-1.0056,-1.6927,-0.2034,-0.1303,-2.1024,-0.4899,-0.9485,-0.4864,-0.9540,-0.2254,-1.6006,-0.0946,-2.4046
4440,0,11.728139882728733,-0.0815,-2.5480,-0.0662,-2.7485,-0.9052,-0.5183,-0.2949,-1.3650,-1.7854,-0.1836,-0.2134,-1.6493,-0.9156,-0.5113,-0.2661,-1.4540,-0.4581,-1.0011,-0.6265,-0.7645,-0.2471,-1.5190,-0.3294,-1.2707
4470,0,26.055660807678986,-0.1378,-2.0497,-0.1387,-2.0437,-0.2081,-1.6720,-0.3670,-1.1803,-1.5701,-0.2332,-0.2785,-1.4144,-1.6833,-0.2055,-0.1885,-1.7614,-0.1620,-1.9002,-0.3813,-1.1489,-0.4346,-1.0427,-0.4115,-1.0866
4500,0,29.265944427465474,-0.0069,-4.9856,-0.0129,-4.3574,-0.0247,-3.7145,-0.0742,-2.6376,-0.3857,-1.1394,-0.1099,-2.2628,-1.4997,-0.2526,-0.0931,-2.4205,-0.3054,-1.3349,-0.0783,-2.5859,-0.0649,-2.7666,-0.0208,-3.8837
4530,2,20.190786115959604,-0.0070,-4.9627,-0.0099,-4.6227,-0.0251,-3.6984,-0.0666,-2.7416,-0.5406,-0.8733,-0.1556,-1.9371,-2.2058,-0.1167,-0.1210,-2.1717,-0.2509,-1.5054,-0.1023,-2.3304,-0.0683,-2.7172,-0.0245,-3.7205
4560,0,23.614360876660342,-0.0227,-3.7952,-0.0276,-3.6025,-0.0323,-3.4497,-0.0980,-2.3713,-0.4743,-0.9738,-0.2286,-1.5878,-2.4969,-0.0859,-0.0835,-2.5249,-0.2140,-1.6469,-0.1190,-2.1876,-0.0618,-2.8138,-0.0253,-3.6888
4590,0,8.597571361533207,-0.0143,-4.2517,-0.0154,-4.1829,-0.0293,-3.5440,-0.0971,-2.3800,-0.5452,-0.8668,-0.2132,-1.6502,-2.5218,-0.0837,-0.0752,-2.6249,-0.1453,-2.0005,-0.0958,-2.3933,-0.0564,-2.9037,-0.0253,-3.6896
4620,0,7.190174453865329,-0.0149,-4.2121,-0.0225,-3.8037,-0.0253,-3.6884,-0.0984,-2.3679,-0.3971,-1.1156,-0.2378,-1.5530,-2.6375,-0.0742,-0.0574,-2.8869,-0.1765,-1.8216,-0.1021,-2.3321,-0.0752,-2.6251,-0.0204,-3.9008
4650,0,11.128342292503545,-0.0161,-4.1362,-0.0318,-3.4629,-0.0122,-4.4152,-0.1318,-2.0917,-0.4788,-0.9664,-0.2738,-1.4291,-3.1537,-0.0436,-0.0552,-2.9244,-0.1757,-1.8254,-0.1648,-1.8846,-0.1239,-2.1494,-0.0300,-3.5204
4680,0,7.277417242114288,-0.0259,-3.6677,-0.0338,-3.4033,-0.0182,-4.0180,-0.1324,-2.0877,-0.6022,-0.7932,-0.1616,-1.9022,-3.0381,-0.0491,-0.0802,-2.5631,-0.2257,-1.5992,-0.1995,-1.7101,-0.1297,-2.1064,-0.0469,-3.0835
4710,0,6.501255839687442,-0.0107,-4.5474,-0.0164,-4.1191,-0.0204,-3.9019,-0.1091,-2.2698,-0.4027,-1.1042,-0.1820,-1.7934,-2.8265,-0.0610,-0.1219,-2.1650,-0.3053,-1.3353,-0.1407,-2.0306,-0.1061,-2.2964,-0.0445,-3.1342
4740,1,20.116006904021297,-0.0106,-4.5547,-0.0133,-4.3244,-0.0244,-3.7234,-0.1179,-2.1964,-0.4558,-1.0050,-0.1723,-1.8435,-2.9142,-0.0558,-0.0810,-2.5534,-0.2320,-1.5750,-0.1313,-2.0956,-0.0598,-2.8463,-0.0325,-3.4427
4770,1,19.24837784535948,-0.0226,-3.8020,-0.0447,-3.1306,-0.0203,-3.9056,-0.1496,-1.9735,-0.5047,-0.9256,-0.1567,-1.9308,-2.9309,-0.0548,-0.1037,-2.3174,-0.2183,-1.6292,-0.3356,-1.2550,-0.0877,-2.4768,-0.0958,-2.3933
4800,1,10.102118945529213,-0.0123,-4.4081,-0.0176,-4.0504,-0.0137,-4.2982,-0.1022,-2.3313,-0.4219,-1.0666,-0.1606,-1.9081,-2.7854,-0.0637,-0.0713,-2.6758,-0.2757,-1.4230,-0.2504,-1.5072,-0.1205,-2.1758,-0.0311,-3.4863
4830,1,13.355358162295,-0.0091,-4.7094,-0.0144,-4.2491,-0.0175,-4.0541,-0.0951,-2.3995,-0.3712,-1.1708,-0.1556,-1.9371,-2.8293,-0.0609,-0.1069,-2.2890,-0.3587,-1.1993,-0.1395,-2.0387,-0.0829,-2.5316,-0.0327,-3.4355
4860,0,12.321446978287925,-0.0069,-4.9729,-0.0127,-4.3728,-0.0103,-4.5830,-0.1094,-2.2668,-0.4326,-1.0465,-0.1571,-1.9285,-3.0493,-0.0485,-0.0769,-2.6033,-0.3946,-1.1207,-0.1110,-2.2530,-0.0662,-2.7486,-0.0348,-3.3762
4890,1,21.87856589989675,-0.0073,-4.9239,-0.0114,-4.4802,-0.0118,-4.4459,-0.1368,-2.0569,-0.3936,-1.1227,-0.1637,-1.8903,-3.1055,-0.0458,-0.0481,-3.0593,-0.3813,-1.1488,-0.0987,-2.3649,-0.0443,-3.1394,-0.0200,-3.9243
4920,0,10.23624147826802,-0.0081,-4.8148,-0.0088,-4.7336,-0.0151,-4.2035,-0.1307,-2.0993,-0.3635,-1.1882,-0.1982,-1.7160,-2.9239,-0.0552,-0.0743,-2.6365,-0.4040,-1.1015,-0.1122,-2.2429,-0.0639,-2.7829,-0.0221,-3.8228
4950,1,6.609498140423174,-0.0077,-4.8715,-0.0075,-4.8952,-0.0305,-3.5043,-0.1416,-2.0250,-0.5318,-0.8856,-0.1897,-1.7559,-2.4733,-0.0881,-0.0575,-2.8853,-0.4201,-1.0699,-0.0867,-2.4881,-0.0419,-3.1936,-0.0270,-3.6249
4980,0,6.820477447306136,-0.0086,-4.7569,-0.0078,-4.8525,-0.0291,-3.5518,-0.1249,-2.1423,-0.4907,-0.9472,-0.1489,-1.9782,-2.2326,-0.1134,-0.0429,-3.1695,-0.3312,-1.2660,-0.0826,-2.5348,-0.0361,-3.3390,-0.0193,-3.9596
5010,2,21.64752866420351,-0.0066,-5.0194,-0.0063,-5.0688,-0.0173,-4.0635,-0.1177,-2.1981,-0.4818,-0.9615,-0.1715,-1.8479,-2.4176,-0.0934,-0.0411,-3.2122,-0.3595,-1.1974,-0.0685,-2.7144,-0.0385,-3.2771,-0.0170,-4.0838
5040,0,17.673232095962124,-0.0115,-4.4742,-0.0191,-3.9684,-0.0129,-4.3560,-0.1018,-2.3348,-0.3831,-1.1449,-0.1712,-1.8492,-2.9934,-0.0514,-0.0546,-2.9340,-0.2109,-1.6599,-0.0791,-2.5759,-0.0441,-3.1441,-0.0148,-4.2181
5070,3,45.09334365750028,-0.0117,-4.4519,-0.0284,-3.5757,-0.0365,-3.3289,-0.0769,-2.6030,-0.3496,-1.2206,-0.2034,-1.6926,-2.8609,-0.0589,-0.0637,-2.7850,-0.2505,-1.5069,-0.1496,-1.9738,-0.2354,-1.5619,-0.0284,-3.5753
5100,1,33.18324841083374,-0.0075,-4.8903,-0.0081,-4.8173,-0.0072,-4.9333,-0.1112,-2.2515,-0.5037,-0.9271,-0.3223,-1.2891,-2.9665,-0.0529,-0.0632,-2.7931,-0.2520,-1.5017,-0.1045,-2.3100,-0.4116,-1.0864,-0.0074,-4.9035
5130,0,22.395509776353105,-0.0079,-4.8413,-0.0040,-5.5271,-0.0115,-4.4751,-0.0807,-2.5567,-0.4916,-0.9459,-0.1891,-1.7583,-2.5050,-0.0852,-0.0408,-3.2193,-0.2216,-1.6155,-0.1280,-2.1192,-0.1769,-1.8192,-0.0128,-4.3617
5160,1,6.436961168529094,-0.0058,-5.1453,-0.0072,-4.9342,-0.0139,-4.2830,-0.0930,-2.4210,-0.4165,-1.0768,-0.1409,-2.0295,-3.0627,-0.0479,-0.0465,-3.0917,-0.4362,-1.0398,-0.1465,-1.9934,-0.0756,-2.6199,-0.0165,-4.1117
5190,1,18.92815259456006,-0.0052,-5.2541,-0.0076,-4.8850,-0.0134,-4.3210,-0.1362,-2.0610,-0.4054,-1.0988,-0.1567,-1.9306,-3.0064,-0.0507,-0.0935,-2.4164,-0.5958,-0.8010,-0.1753,-1.8276,-0.1790,-1.8084,-0.0456,-3.1097
5220,0,30.04593640093306,-0.0702,-2.6914,-0.1226,-2.1597,-0.0309,-3.4915,-0.0357,-3.3496,-0.2745,-1.4271,-0.1271,-2.1256,-2.7566,-0.0656,-0.0340,-3.3978,-0.4555,-1.0054,-0.1274,-2.1232,-0.0716,-2.6716,-0.0055,-5.2011
5250,0,37.70698271921738,-0.2890,-1.3824,-0.9155,-0.5114,-0.1877,-1.7653,-0.0286,-3.5699,-0.1512,-1.9635,-0.0992,-2.3600,-1.0625,-0.4240,-0.0391,-3.2618,-0.6646,-0.7226,-0.0919,-2.4329,-0.1794,-1.8063,-0.0290,-3.5555
5280,0,38.626451210351185,-0.1233,-2.1538,-0.8994,-0.5222,-0.1491,-1.9765,-0.1222,-2.1623,-0.2313,-1.5773,-0.6758,-0.7108,-1.7626,-0.1883,-0.1102,-2.2602,-0.8725,-0.5411,-0.1426,-2.0184,-0.1520,-1.9588,-0.0222,-3.8191
5310,0,13.133710028594928,-0.1452,-2.0015,-0.7988,-0.5976,-0.2366,-1.5574,-0.0546,-2.9350,-0.1998,-1.7089,-0.3169,-1.3035,-1.3565,-0.2978,-0.0412,-3.2090,-0.7923,-0.6029,-0.0736,-2.6460,-0.1468,-1.9915,-0.0084,-4.7783
5340,0,63.08276229532406,-0.0207,-3.8881,-0.0349,-3.3726,-0.0606,-2.8329,-0.1029,-2.3254,-0.3634,-1.1884,-0.1009,-2.3436,-2.2364,-0.1130,-0.0745,-2.6339,-0.2753,-1.4243,-0.0584,-2.8696,-0.0181,-4.0208,-0.0009,-6.9627
5370,3,70.69413706854034,-0.2737,-1.4296,-0.5654,-0.8397,-0.2247,-1.6032,-0.0216,-3.8464,-0.1519,-1.9595,-0.1526,-1.9551,-1.1665,-0.3732,-0.0314,-3.4753,-0.5550,-0.8535,-0.0289,-3.5591,-0.0812,-2.5510,-0.0026,-5.9715
5400,0,11.345650904291567,-0.4125,-1.0847,-0.6106,-0.7832,-0.3482,-1.2240,-0.0269,-3.6273,-0.2188,-1.6269,-0.1623,-1.8983,-1.1108,-0.3994,-0.0423,-3.1835,-0.5412,-0.8724,-0.0365,-3.3286,-0.0664,-2.7447,-0.0024,-6.0221
5430,0,7.1192314451765615,-0.3097,-1.3230,-0.5138,-0.9118,-0.3278,-1.2747,-0.0204,-3.9034,-0.2066,-1.6787,-0.1829,-1.7888,-1.2264,-0.3472,-0.0277,-3.5991,-0.4624,-0.9936,-0.0270,-3.6245,-0.0808,-2.5556,-0.0014,-6.5692
5460,0,25.740117702711725,-0.2128,-1.6517,-0.4839,-0.9581,-0.1879,-1.7646,-0.0233,-3.7728,-0.1936,-1.7370,-0.1217,-2.1662,-1.1261,-0.3920,-0.0351,-3.3678,-0.4822,-0.9608,-0.0341,-3.3956,-0.0811,-2.5523,-0.0029,-5.8349
5490,1,28.57485230872073,-0.1697,-1.8574,-0.7607,-0.6298,-0.2376,-1.5535,-0.0633,-2.7907,-0.3274,-1.2757,-0.4629,-0.9927,-1.5406,-0.2411,-0.0828,-2.5327,-0.6657,-0.7214,-0.0411,-3.2124,-0.1401,-2.0349,-0.0055,-5.2017
5520,0,9.670067245590117,-0.2033,-1.6930,-0.4129,-1.0839,-0.2169,-1.6349,-0.0284,-3.5753,-0.2634,-1.4628,-0.2409,-1.5415,-1.2886,-0.3225,-0.0360,-3.3410,-0.5177,-0.9061,-0.0545,-2.9362,-0.0932,-2.4188,-0.0030,-5.8054
5550,1,56.39985098406352,-0.0106,-4.5560,-0.0105,-4.5611,-0.0726,-2.6592,-0.1756,-1.8263,-0.7062,-0.6803,-0.2920,-1.3734,-2.2505,-0.1113,-0.0787,-2.5809,-0.2285,-1.5881,-0.0900,-2.4522,-0.0389,-3.2664,-0.0040,-5.5157
5580,1,22.757537474721502,-0.0149,-4.2146,-0.0073,-4.9183,-0.0316,-3.4708,-0.1038,-2.3167,-0.4834,-0.9588,-0.1873,-1.7672,-2.5317,-0.0829,-0.1120,-2.2446,-0.2254,-1.6005,-0.1743,-1.8331,-0.1196,-2.1831,-0.0217,-3.8402
5610,1,32.316969450019016,-0.0296,-3.5341,-0.0367,-3.3239,-0.0190,-3.9748,-0.2228,-1.6108,-0.4547,-1.0069,-0.4766,-0.9699,-4.7092,-0.0091,-0.2470,-1.5194,-0.7478,-0.6414,-0.2002,-1.7071,-0.2821,-1.4031,-0.0204,-3.9032
5640,1,43.377790088894734,-0.0200,-3.9231,-0.0265,-3.6437,-0.0149,-4.2121,-0.1011,-2.3415,-0.2481,-1.5154,-0.1597,-1.9134,-3.0447,-0.0488,-0.1030,-2.3237,-0.2562,-1.4872,-0.0963,-2.3884,-0.1347,-2.0716,-0.0067,-5.0017
5670,2,38.55308110164649,-0.0183,-4.0092,-0.0255,-3.6806,-0.0224,-3.8094,-0.1054,-2.3018,-0.3527,-1.2134,-0.1199,-2.1805,-2.9407,-0.0543,-0.0801,-2.5648,-0.3051,-1.3359,-0.2411,-1.5408,-0.1506,-1.9676,-0.0334,-3.4164
5700,1,36.38297520966344,-0.0132,-4.3367,-0.0161,-4.1350,-0.0067,-5.0054,-0.1504,-1.9689,-0.3516,-1.2160,-0.2315,-1.5767,-3.4089,-0.0336,-0.0982,-2.3697,-0.2295,-1.5845,-0.1125,-2.2401,-0.1822,-1.7922,-0.0049,-5.3300
5730,1,19.8466388688571,-0.0114,-4.4820,-0.0161,-4.1399,-0.0176,-4.0509,-0.1904,-1.7522,-0.4546,-1.0070,-0.2643,-1.4599,-3.0483,-0.0486,-0.1168,-2.2048,-0.7029,-0.6835,-0.1905,-1.7516,-0.1276,-2.1222,-0.0618,-2.8151
5760,0,20.2905255030141,-0.0230,-3.7844,-0.0225,-3.8065,-0.0190,-3.9754,-0.0912,-2.4401,-0.3599,-1.1965,-0.1328,-2.0844,-2.9698,-0.0527,-0.0788,-2.5795,-0.3150,-1.3085,-0.1647,-1.8849,-0.1686,-1.8635,-0.0348,-3.3762
5790,0,24.22743315260342,-0.0338,-3.4038,-0.0434,-3.1589,-0.0394,-3.2540,-0.0240,-3.7416,-0.0900,-2.4525,-0.0934,-2.4176,-2.6145,-0.0760,-0.0151,-4.2031,-0.2132,-1.6504,-0.1114,-2.2499,-0.2548,-1.4919,-0.0160,-4.1455
5820,1,43.38485013678596,-0.0394,-3.2539,-0.0251,-3.6977,-0.0274,-3.6107,-0.0248,-3.7090,-0.1086,-2.2741,-0.1150,-2.2197,-2.7159,-0.0684,-0.0155,-4.1743,-0.1294,-2.1087,-0.1088,-2.2724,-0.2569,-1.4848,-0.0024,-6.0441
5850,3,48.82880519551679,-0.0498,-3.0247,-0.0390,-3.2648,-0.0216,-3.8445,-0.0922,-2.4298,-0.2195,-1.6241,-0.1340,-2.0763,-3.1301,-0.0447,-0.0815,-2.5479,-0.4042,-1.1012,-0.1825,-1.7911,-0.2342,-1.5662,-0.0125,-4.3860
5880,1,25.602727887323564,-0.0493,-3.0347,-0.0281,-3.5865,-0.0214,-3.8561,-0.0385,-3.2754,-0.2093,-1.6666,-0.1588,-1.9182,-2.8799,-0.0578,-0.0304,-3.5076,-0.2634,-1.4629,-0.1791,-1.8081,-0.1764,-1.8220,-0.0106,-4.5484
5910,1,27.902129986129363,-0.0560,-2.9101,-0.0624,-2.8052,-0.0138,-4.2900,-0.0438,-3.1491,-0.1543,-1.9453,-0.1012,-2.3409,-3.1877,-0.0421,-0.0191,-3.9686,-0.2332,-1.5704,-0.1435,-2.0121,-0.1499,-1.9721,-0.0131,-4.3431
5940,1,24.268503505725455,-0.0458,-3.1062,-0.0308,-3.4956,-0.0199,-3.9257,-0.0405,-3.2260,-0.1287,-2.1138,-0.1285,-2.1157,-3.0024,-0.0509,-0.0256,-3.6791,-0.2538,-1.4955,-0.1657,-1.8794,-0.1996,-1.7095,-0.0171,-4.0752
5970,1,34.471524132425984,-0.0202,-3.9133,-0.0076,-4.8779,-0.0304,-3.5085,-0.0927,-2.4239,-0.3976,-1.1144,-0.1524,-1.9563,-2.1816,-0.1198,-0.0493,-3.0336,-0.1575,-1.9260,-0.1457,-1.9981,-0.0957,-2.3935,-0.0191,-3.9680
6000,0,19.40404786701088,-0.0167,-4.1008,-0.0090,-4.7161,-0.0277,-3.6000,-0.1129,-2.2375,-0.3925,-1.1250,-0.1604,-1.9091,-3.0308,-0.0495,-0.0736,-2.6453,-0.2087,-1.6695,-0.1896,-1.7563,-0.1209,-2.1726,-0.0339,-3.4017
6030,1,18.35599894081297,-0.0155,-4.1766,-0.0086,-4.7563,-0.0253,-3.6898,-0.2363,-1.5585,-0.6249,-0.7664,-0.3295,-1.2705,-3.2276,-0.0405,-0.1078,-2.2811,-0.5842,-0.8155,-0.2135,-1.6489,-0.1447,-2.0044,-0.0473,-3.0748
6060,1,12.485566518460377,-0.0154,-4.1800,-0.0083,-4.7962,-0.0299,-3.5249,-0.2202,-1.6214,-0.7425,-0.6462,-0.2365,-1.5578,-2.8605,-0.0589,-0.0540,-2.9454,-0.4083,-1.0929,-0.2009,-1.7036,-0.1326,-2.0861,-0.0507,-3.0064
6090,0,8.275489158514057,-0.0142,-4.2642,-0.0083,-4.7969,-0.0331,-3.4246,-0.1852,-1.7776,-0.6391,-0.7503,-0.2828,-1.4010,-2.5479,-0.0815,-0.0620,-2.8109,-0.3517,-1.2156,-0.1681,-1.8661,-0.1410,-2.0283,-0.0514,-2.9938
6120,0,9.6343269493877,-0.0097,-4.6393,-0.0110,-4.5185,-0.0092,-4.6983,-0.1722,-1.8439,-0.4081,-1.0933,-0.2239,-1.6063,-3.0740,-0.0473,-0.0865,-2.4901,-0.3109,-1.3196,-0.1937,-1.7366,-0.2370,-1.5558,-0.0548,-2.9318
6150,1,10.30406032427913,-0.0127,-4.3689,-0.0101,-4.5976,-0.0252,-3.6931,-0.2134,-1.6493,-0.6600,-0.7274,-0.2046,-1.6874,-2.6247,-0.0752,-0.0527,-2.9692,-0.3894,-1.1315,-0.1839,-1.7838,-0.1663,-1.8762,-0.0491,-3.0392
6180,0,35.21787361392407,-0.5072,-0.9218,-0.4132,-1.0834,-0.0376,-3.2991,-0.0377,-3.2969,-0.1905,-1.7518,-0.0901,-2.4511,-2.8316,-0.0607,-0.0286,-3.5670,-0.7460,-0.6429,-0.2653,-1.4567,-0.1544,-1.9442,-0.0128,-4.3669
6210,0,8.054051969182877,-0.3178,-1.3011,-0.3177,-1.3012,-0.1456,-1.9985,-0.0090,-4.7115,-0.0684,-2.7160,-0.0550,-2.9277,-1.7973,-0.1812,-0.0346,-3.3804,-0.5917,-0.8060,-0.1267,-2.1287,-0.0887,-2.4661,-0.0055,-5.2047
6240,0,7.285278685825855,-0.2527,-1.4994,-0.1849,-1.7791,-0.1183,-2.1933,-0.0134,-4.3206,-0.1282,-2.1179,-0.0530,-2.9648,-2.1302,-0.1265,-0.0357,-3.3491,-0.5097,-0.9180,-0.1373,-2.0532,-0.0964,-2.3874,-0.0068,-4.9901
6270,0,5.777112422294759,-0.2263,-1.5971,-0.1857,-1.7748,-0.1405,-2.0321,-0.0147,-4.2244,-0.1190,-2.1879,-0.0571,-2.8909,-2.1041,-0.1301,-0.0273,-3.6149,-0.5525,-0.8569,-0.1379,-2.0495,-0.0911,-2.4413,-0.0072,-4.9358
6300,0,5.098964634061943,-0.2598,-1.4748,-0.1438,-2.0106,-0.1457,-1.9980,-0.0118,-4.4461,-0.1085,-2.2748,-0.0532,-2.9605,-2.4209,-0.0930,-0.0150,-4.2102,-0.2767,-1.4199,-0.1016,-2.3370,-0.1189,-2.1884,-0.0020,-6.1998
6330,1,15.159618260612483,-0.1491,-1.9768,-0.1616,-1.9024,-0.1335,-2.0799,-0.0125,-4.3865,-0.1041,-2.3141,-0.0567,-2.8988,-2.4392,-0.0913,-0.0170,-4.0818,-0.3321,-1.2638,-0.1283,-2.1171,-0.1206,-2.1752,-0.0025,-5.9980
6360,0,6.014403486824127,-0.1121,-2.2438,-0.1280,-2.1189,-0.1070,-2.2883,-0.0097,-4.6373,-0.0890,-2.4637,-0.0518,-2.9859,-2.2431,-0.1122,-0.0220,-3.8278,-0.3527,-1.2134,-0.1071,-2.2871,-0.0999,-2.3527,-0.0024,-6.0493
6390,1,17.442096590681004,-0.1973,-1.7202,-0.1378,-2.0499,-0.0684,-2.7162,-0.0300,-3.5210,-0.1868,-1.7696,-0.0679,-2.7228,-2.7035,-0.0693,-0.0174,-4.0577,-0.4059,-1.0977,-0.1806,-1.8002,-0.1828,-1.7894,-0.0066,-5.0263
6420,0,5.303206256169224,-0.0888,-2.4654,-0.1217,-2.1667,-0.0937,-2.4146,-0.0081,-4.8169,-0.0810,-2.5534,-0.0652,-2.7634,-2.1452,-0.1245,-0.0231,-3.7811,-0.4016,-1.1064,-0.1204,-2.1767,-0.1188,-2.1894,-0.0029,-5.8444
6450,0,10.498489967125813,-0.1212,-2.1704,-0.1294,-2.1086,-0.1310,-2.0976,-0.0216,-3.8442,-0.1608,-1.9072,-0.0983,-2.3680,-2.3086,-0.1047,-0.0892,-2.4616,-0.5457,-0.8661,-0.1012,-2.3411,-0.1285,-2.1157,-0.0062,-5.0881
6480,1,19.154342682123797,-0.1068,-2.2894,-0.0926,-2.4253,-0.0760,-2.6154,-0.0202,-3.9139,-0.1180,-2.1953,-0.0825,-2.5358,-2.2399,-0.1126,-0.0511,-2.9988,-0.5232,-0.8980,-0.0711,-2.6787,-0.1103,-2.2591,-0.0036,-5.6315
6510,1,11.194144091173227,-0.1811,-1.7978,-0.1981,-1.7162,-0.0509,-3.0028,-0.0153,-4.1879,-0.0680,-2.7226,-0.0440,-3.1446,-2.5782,-0.0789,-0.0262,-3.6556,-0.4409,-1.0313,-0.0843,-2.5151,-0.1369,-2.0564,-0.0041,-5.4976
6540,0,25.518950393080708,-0.0666,-2.7415,-0.0909,-2.4428,-0.0349,-3.3714,-0.1155,-2.2157,-0.3794,-1.1528,-0.2655,-1.4559,-3.5254,-0.0299,-0.1842,-1.7825,-0.5376,-0.8774,-0.1452,-2.0015,-0.1687,-1.8628,-0.0074,-4.9156
6570,2,26.717242387460328,-0.0330,-3.4281,-0.0119,-4.4392,-0.0696,-2.6998,-0.1251,-2.1403,-0.6778,-0.7087,-0.2559,-1.4881,-2.6087,-0.0765,-0.1088,-2.2722,-0.2612,-1.4701,-0.1657,-1.8793,-0.1640,-1.8889,-0.0220,-3.8290
6600,1,21.33396552899872,-0.0130,-4.3505,-0.0358,-3.3486,-0.0280,-3.5898,-0.1490,-1.9776,-0.9805,-0.4702,-0.1505,-1.9679,-2.2494,-0.1115,-0.1206,-2.1751,-0.5220,-0.8998,-0.2557,-1.4890,-0.1569,-1.9295,-0.3305,-1.2678
6630,0,31.054170384296597,-0.0489,-3.0426,-0.0497,-3.0257,-0.1467,-1.9919,-0.1314,-2.0946,-0.4338,-1.0442,-0.2322,-1.5740,-2.7182,-0.0683,-0.0807,-2.5571,-0.1458,-1.9976,-0.1055,-2.3017,-0.0671,-2.7350,-0.0032,-5.7484
6660,0,13.128936988020238,-0.0360,-3.3422,-0.0216,-3.8479,-0.7349,-0.6531,-0.4244,-1.0619,-2.1255,-0.1271,-0.2990,-1.3532,-2.0619,-0.1361,-0.3356,-1.2549,-0.2359,-1.5599,-0.2870,-1.3883,-0.3141,-1.3110,-0.0269,-3.6278
6690,1,32.85767783674104,-0.0477,-3.0669,-0.0418,-3.1948,-0.0650,-2.7655,-0.0785,-2.5831,-0.5449,-0.8673,-0.1711,-1.8499,-2.4895,-0.0866,-0.0705,-2.6870,-0.6686,-0.7183,-0.1196,-2.1826,-0.2122,-1.6544,-0.0428,-3.1736
6720,2,52.27304193750732,-0.0278,-3.5969,-0.0202,-3.9126,-0.0130,-4.3462,-0.0885,-2.4688,-0.4460,-1.0221,-0.1533,-1.9508,-3.0229,-0.0499,-0.0832,-2.5273,-0.2297,-1.5836,-0.2446,-1.5279,-0.4929,-0.9439,-0.0409,-3.2164
6750,2,35.09200780699097,-0.0227,-3.7949,-0.0256,-3.6775,-0.0108,-4.5320,-0.0535,-2.9547,-0.3587,-1.1992,-0.1276,-2.1221,-3.2746,-0.0386,-0.0529,-2.9659,-0.1253,-2.1387,-0.1859,-1.7740,-0.1039,-2.3154,-0.0535,-2.9540
6780,1,29.69840371721718,-0.0093,-4.6795,-0.0207,-3.8889,-0.0075,-4.8962,-0.1204,-2.1762,-0.3429,-1.2369,-0.2125,-1.6531,-3.9408,-0.0196,-0.1018,-2.3356,-0.3788,-1.1541,-0.2997,-1.3510,-0.2789,-1.4131,-0.0552,-2.9238
6810,1,17.415807658384615,-0.0213,-3.8615,-0.0116,-4.4595,-0.0290,-3.5559,-0.0994,-2.3581,-0.6319,-0.7584,-0.2195,-1.6243,-3.2121,-0.0411,-0.0621,-2.8107,-0.2656,-1.4556,-0.1892,-1.7582,-0.1755,-1.8267,-0.0376,-3.2985
6840,0,16.479656592825325,-0.0042,-5.4664,-0.0303,-3.5127,-0.0160,-4.1448,-0.2286,-1.5877,-0.4602,-0.9975,-0.3326,-1.2624,-3.8468,-0.0216,-0.1844,-1.7815,-0.3850,-1.1409,-0.1993,-1.7110,-0.2377,-1.5533,-0.0431,-3.1651
6870,1,16.787240508549395,-0.0062,-5.0806,-0.0155,-4.1768,-0.0166,-4.1081,-0.2142,-1.6458,-0.6617,-0.7256,-0.3905,-1.1292,-3.4060,-0.0337,-0.0637,-2.7847,-0.3795,-1.1527,-0.1902,-1.7534,-0.1632,-1.8934,-0.0242,-3.7327
6900,0,10.942140268889828,-0.0074,-4.9153,-0.0092,-4.6979,-0.0302,-3.5144,-0.1609,-1.9062,-0.5905,-0.8076,-0.2834,-1.3992,-3.2043,-0.0414,-0.0662,-2.7474,-0.2300,-1.5826,-0.1727,-1.8414,-0.0939,-2.4123,-0.0390,-3.2640
6930,0,13.804379185192325,-0.0047,-5.3713,-0.0101,-4.5958,-0.0214,-3.8566,-0.1866,-1.7708,-0.6676,-0.7194,-0.2831,-1.4003,-3.1984,-0.0417,-0.0574,-2.8860,-0.1933,-1.7387,-0.1089,-2.2709,-0.0529,-2.9663,-0.0114,-4.4773
6960,1,19.2691129421933,-0.0165,-4.1099,-0.0123,-4.4035,-0.0701,-2.6927,-0.1833,-1.7868,-0.8730,-0.5407,-0.3267,-1.2775,-2.9975,-0.0512,-0.1084,-2.2756,-0.4173,-1.0754,-0.1633,-1.8926,-0.1524,-1.9565,-0.0301,-3.5190
6990,0,25.343294205283847,-0.0136,-4.3079,-0.0322,-3.4511,-0.0703,-2.6904,-0.1696,-1.8579,-1.3848,-0.2882,-0.2929,-1.3709,-3.1387,-0.0443,-0.0725,-2.6597,-0.1729,-1.8404,-0.1643,-1.8872,-0.1818,-1.7946,-0.0137,-4.2987
7020,1,30.98614220758462,-0.0780,-2.5901,-0.0118,-4.4449,-0.8531,-0.5553,-0.3667,-1.1809,-2.2408,-0.1125,-0.2425,-1.5354,-1.6466,-0.2141,-0.3389,-1.2468,-0.2733,-1.4307,-0.8332,-0.5704,-0.1998,-1.7089,-0.0611,-2.8262
7050,1,39.792044676636145,-0.2118,-1.6563,-0.0331,-3.4262,-0.5770,-0.8246,-0.3931,-1.1238,-2.0544,-0.1372,-0.2571,-1.4843,-1.8272,-0.1754,-0.1865,-1.7710,-0.3468,-1.2275,-0.7808,-0.6126,-0.1850,-1.7785,-0.4334,-1.0451
7080,0,26.907364209864753,-0.1400,-2.0352,-0.0707,-2.6849,-0.0595,-2.8510,-0.3816,-1.1481,-1.6048,-0.2243,-0.2790,-1.4128,-3.6007,-0.0277,-0.0928,-2.4237,-0.6094,-0.7846,-0.6483,-0.7401,-0.5357,-0.8800,-0.2475,-1.5177
7110,1,49.09960536939156,-0.0612,-2.8243,-0.0425,-3.1794,-0.1972,-1.7206,-0.2202,-1.6213,-1.3912,-0.2861,-0.0643,-2.7758,-1.7687,-0.1870,-0.1975,-1.7191,-1.0852,-0.4122,-0.3533,-1.2120,-0.2289,-1.5866,-0.1568,-1.9302
7140,0,35.22759420977669,-0.0865,-2.4903,-0.0148,-4.2181,-0.5050,-0.9251,-0.5892,-0.8092,-1.8955,-0.1628,-0.2459,-1.5232,-2.5159,-0.0842,-0.1553,-1.9389,-0.0732,-2.6513,-0.5645,-0.8408,-0.2362,-1.5589,-0.1292,-2.1102
7170,1,41.50380006154264,-0.6883,-0.6981,-0.1299,-2.1053,-0.0430,-3.1676,-0.3010,-1.3473,-0.7908,-0.6042,-0.1138,-2.2294,-2.1090,-0.1294,-0.1244,-2.1462,-0.2336,-1.5685,-1.1569,-0.3775,-0.3802,-1.1511,-0.4469,-1.0206
7200,1,50.31149787542221,-0.0153,-4.1868,-0.0087,-4.7461,-0.0387,-3.2706,-0.0850,-2.5069,-1.1521,-0.3798,-0.0252,-3.6953,-1.6815,-0.2059,-0.0651,-2.7647,-0.0755,-2.6214,-0.1451,-2.0021,-0.0661,-2.7496,-0.0339,-3.4016
7230,0,55.30037647750685,-0.3178,-1.3010,-0.1896,-1.7561,-0.3073,-1.3295,-0.5935,-0.8039,-1.1655,-0.3736,-0.1854,-1.7764,-2.5698,-0.0796,-0.3622,-1.1911,-0.3581,-1.2006,-0.6476,-0.7408,-0.4049,-1.0997,-0.0674,-2.7308
7260,2,68.88490661813098,-2.1706,-0.1212,-0.1569,-1.9297,-1.2553,-0.3355,-0.6465,-0.7421,-2.7375,-0.0669,-0.3923,-1.1256,-1.0408,-0.4357,-0.2011,-1.7027,-0.3401,-1.2438,-2.0864,-0.1325,-0.1701,-1.8553,-1.0561,-0.4274
7290,0,28.708189748879313,-0.1353,-2.0670,-0.1241,-2.1479,-0.0184,-4.0036,-0.5493,-0.8613,-1.1070,-0.4013,-0.3471,-1.2266,-3.4455,-0.0324,-0.1475,-1.9866,-0.1108,-2.2547,-0.4077,-1.0942,-0.1616,-1.9021,-0.0189,-3.9765
7320,0,67.3241996967372,-0.2720,-1.4349,-0.1210,-2.1720,-0.0769,-2.6039,-0.2830,-1.4006,-0.4790,-0.9660,-0.4938,-0.9424,-1.4472,-0.2682,-0.1306,-2.0999,-0.4637,-0.9915,-0.6396,-0.7498,-0.0062,-5.0877,-0.0702,-2.6917
7350,1,58.53236204228561,-0.0227,-3.7966,-0.0217,-3.8397,-0.0282,-3.5823,-0.3176,-1.3016,-1.0759,-0.4170,-0.3072,-1.3300,-2.8358,-0.0605,-0.5802,-0.8205,-0.5098,-0.9178,-0.6354,-0.7544,-0.1750,-1.8294,-0.0923,-2.4289
7380,0,120.82549741200633,-0.0192,-3.9645,-0.0085,-4.7736,-0.0775,-2.5961,-1.0872,-0.4112,-2.2499,-0.1114,-0.4558,-1.0050,-2.1205,-0.1278,-0.3358,-1.2545,-0.5193,-0.9037,-0.4052,-1.0991,-0.4177,-1.0746,-0.1373,-2.0536
7410,1,91.92080657759195,-0.0054,-5.2186,-0.0059,-5.1400,-0.0141,-4.2692,-0.4103,-1.0890,-1.3913,-0.2860,-0.1300,-2.1047,-2.2435,-0.1121,-0.2999,-1.3506,-0.7075,-0.6790,-0.3002,-1.3496,-0.3504,-1.2187,-0.1243,-2.1464
7440,1,31.496912340499055,-0.0067,-5.0054,-0.0052,-5.2689,-0.0122,-4.4164,-0.2008,-1.7040,-0.8315,-0.5716,-0.0799,-2.5669,-1.7402,-0.1930,-0.1893,-1.7576,-0.8778,-0.5374,-0.3168,-1.3038,-0.2774,-1.4178,-0.2432,-1.5332
7470,1,29.510103039580244,-0.0068,-4.9996,-0.0056,-5.1897,-0.0074,-4.9059,-0.1745,-1.8318,-0.7929,-0.6024,-0.0517,-2.9881,-1.4906,-0.2552,-0.2433,-1.5327,-1.2711,-0.3292,-0.2833,-1.3997,-0.2502,-1.5081,-0.3006,-1.3485
7500,3,35.93028115735129,-0.0095,-4.6588,-0.0029,-5.8428,-0.0124,-4.4000,-0.1608,-1.9069,-0.9263,-0.5042,-0.0431,-3.1653,-1.5675,-0.2339,-0.1457,-1.9983,-0.9363,-0.4977,-0.1675,-1.8691,-0.1471,-1.9893,-0.0554,-2.9205
7530,1,24.893527221659486,-0.0015,-6.5282,-0.0010,-6.9090,-0.0136,-4.3063,-0.1448,-2.0042,-0.8883,-0.5300,-0.0666,-2.7427,-1.2512,-0.3371,-0.1786,-1.8108,-0.8579,-0.5518,-0.0730,-2.6539,-0.1365,-2.0587,-0.0229,-3.7875
7560,0,12.832302579336034,-0.0026,-5.9374,-0.0014,-6.5635,-0.0249,-3.7044,-0.1635,-1.8917,-1.6354,-0.2168,-0.0327,-3.4356,-0.7966,-0.5994,-0.1717,-1.8464,-0.7577,-0.6325,-0.0607,-2.8322,-0.0288,-3.5627,-0.0171,-4.0756
7590,0,15.531650863025794,-0.0015,-6.5308,-0.0017,-6.3780,-0.0145,-4.2417,-0.2515,-1.5033,-1.2853,-0.3237,-0.0776,-2.5953,-1.7262,-0.1960,-0.2455,-1.5246,-1.6538,-0.2123,-0.2976,-1.3571,-0.1601,-1.9109,-0.1553,-1.9390
7620,1,15.204352183572881,-0.0023,-6.0881,-0.0020,-6.2267,-0.0183,-4.0109,-0.2093,-1.6668,-1.4284,-0.2740,-0.0540,-2.9457,-1.1857,-0.3646,-0.2333,-1.5697,-1.5291,-0.2443,-0.1762,-1.8231,-0.0809,-2.5546,-0.0985,-2.3665
7650,0,10.165969777619607,-0.0032,-5.7529,-0.0032,-5.7476,-0.0209,-3.8768,-0.1446,-2.0050,-1.3975,-0.2840,-0.0706,-2.6855,-1.1409,-0.3850,-0.2237,-1.6072,-1.3938,-0.2852,-0.1642,-1.8874,-0.1028,-2.3260,-0.1087,-2.2732
7680,1,19.636055178395406,-0.0089,-4.7235,-0.0089,-4.7295,-0.0129,-4.3568,-0.1308,-2.0990,-1.2747,-0.3278,-0.0532,-2.9594,-1.1991,-0.3588,-0.3294,-1.2707,-1.2432,-0.3403,-0.1966,-1.7233,-0.0613,-2.8225,-0.2118,-1.6560
7710,0,16.73260814948686,-0.0051,-5.2813,-0.0038,-5.5718,-0.0628,-2.7985,-0.1359,-2.0632,-1.4749,-0.2598,-0.0578,-2.8794,-0.9866,-0.4666,-0.1409,-2.0294,-1.1749,-0.3694,-0.1932,-1.7389,-0.0699,-2.6961,-0.2129,-1.6516
7740,1,23.263996093708883,-0.0046,-5.3877,-0.0049,-5.3302,-0.0166,-4.1038,-0.1554,-1.9383,-1.1177,-0.3960,-0.0394,-3.2546,-1.3569,-0.2977,-0.1213,-2.1696,-1.5847,-0.2294,-0.1700,-1.8558,-0.0618,-2.8142,-0.1617,-1.9016
7770,3,25.19630596547997,-0.0055,-5.2117,-0.0128,-4.3646,-0.0497,-3.0271,-0.1151,-2.2188,-1.8476,-0.1715,-0.0571,-2.8913,-0.7707,-0.6211,-0.1749,-1.8295,-1.1006,-0.4045,-0.2723,-1.4340,-0.0386,-3.2727,-0.2348,-1.5639
7800,0,11.46263630072775,-0.0029,-5.8449,-0.0045,-5.3973,-0.0145,-4.2391,-0.1142,-2.2265,-0.6385,-0.7510,-0.0624,-2.8060,-1.2136,-0.3526,-0.1782,-1.8126,-1.1789,-0.3676,-0.2727,-1.4326,-0.0919,-2.4327,-0.4036,-1.1023
7830,0,30.12251124932164,-0.0065,-5.0432,-0.0098,-4.6281,-0.0222,-3.8175,-0.0846,-2.5123,-0.3504,-1.2187,-0.2620,-1.4677,-1.7666,-0.1874,-0.3422,-1.2387,-0.4188,-1.0725,-0.0713,-2.6757,-0.0942,-2.4091,-0.0530,-2.9639
7860,1,19.789328395907457,-0.0035,-5.6659,-0.0051,-5.2868,-0.0185,-4.0017,-0.0705,-2.6878,-0.3937,-1.1225,-0.2444,-1.5287,-1.7710,-0.1865,-0.3893,-1.1318,-0.4718,-0.9779,-0.0832,-2.5276,-0.0800,-2.5649,-0.0476,-3.0686
7890,1,29.48327687769896,-0.0037,-5.6010,-0.0038,-5.5791,-0.0118,-4.4447,-0.0823,-2.5387,-0.3473,-1.2261,-0.1469,-1.9903,-1.7895,-0.1828,-0.2750,-1.4252,-0.7564,-0.6337,-0.2325,-1.5728,-0.1776,-1.8156,-0.1221,-2.1631
7920,1,15.944506724017119,-0.0013,-6.6541,-0.0014,-6.6025,-0.0085,-4.7754,-0.0976,-2.3754,-0.4012,-1.1073,-0.1661,-1.8772,-1.7436,-0.1922,-0.2718,-1.4355,-0.9941,-0.4621,-0.2955,-1.3633,-0.2359,-1.5601,-0.1769,-1.8196
7950,1,13.707285323100612,-0.0016,-6.4633,-0.0009,-7.0154,-0.0060,-5.1199,-0.0794,-2.5733,-0.2991,-1.3529,-0.1138,-2.2300,-1.9293,-0.1569,-0.2323,-1.5736,-0.9478,-0.4903,-0.3203,-1.2942,-0.2201,-1.6216,-0.3462,-1.2288
7980,1,15.415544133286524,-0.0014,-6.5716,-0.0010,-6.8719,-0.0100,-4.6133,-0.0778,-2.5922,-0.4233,-1.0639,-0.1007,-2.3459,-1.6083,-0.2234,-0.2193,-1.6249,-1.1608,-0.3757,-0.3625,-1.1905,-0.2163,-1.6375,-0.2957,-1.3628
8010,0,5.424832799211338,-0.0011,-6.8195,-0.0010,-6.9333,-0.0098,-4.6337,-0.0814,-2.5488,-0.4411,-1.0310,-0.0789,-2.5791,-1.5692,-0.2335,-0.2045,-1.6877,-1.4384,-0.2709,-0.3722,-1.1686,-0.1987,-1.7139,-0.3062,-1.3327
8040,1,16.322296042565334,-0.0016,-6.4686,-0.0022,-6.1399,-0.0195,-3.9470,-0.1099,-2.2628,-0.8228,-0.5784,-0.1166,-2.2069,-1.3267,-0.3084,-0.2098,-1.6648,-0.9888,-0.4652,-0.2687,-1.4456,-0.1254,-2.1382,-0.2982,-1.3555
8070,1,16.873943680073943,-0.0020,-6.2013,-0.0025,-6.0085,-0.0182,-4.0159,-0.1063,-2.2943,-0.8897,-0.5290,-0.1013,-2.3399,-1.2534,-0.3362,-0.1543,-1.9449,-1.2367,-0.3430,-0.3359,-1.2541,-0.1496,-1.9739,-0.3786,-1.1546
8100,1,19.19838100479377,-0.0021,-6.1842,-0.0021,-6.1649,-0.0320,-3.4581,-0.1332,-2.0819,-1.0475,-0.4320,-0.0991,-2.3607,-1.0432,-0.4344,-0.1778,-1.8146,-1.2657,-0.3313,-0.2011,-1.7027,-0.0626,-2.8027,-0.2145,-1.6446
8130,0,9.963653275918537,-0.0015,-6.5068,-0.0025,-5.9893,-0.0170,-4.0837,-0.0893,-2.4602,-0.8413,-0.5642,-0.0711,-2.6791,-1.2204,-0.3497,-0.2963,-1.3609,-1.4808,-0.2581,-0.2176,-1.6319,-0.0755,-2.6211,-0.2809,-1.4070
8160,1,17.64310833039591,-0.0024,-6.0287,-0.0039,-5.5565,-0.0309,-3.4919,-0.1025,-2.3288,-1.0283,-0.4426,-0.1071,-2.2867,-1.1109,-0.3994,-0.1556,-1.9371,-1.3793,-0.2900,-0.2103,-1.6625,-0.0620,-2.8116,-0.2152,-1.6420
8190,1,27.066757554429703,-0.0025,-5.9994,-0.0035,-5.6505,-0.0401,-3.2367,-0.0987,-2.3643,-1.1905,-0.3625,-0.1034,-2.3206,-0.9313,-0.5010,-0.1912,-1.7486,-1.2727,-0.3286,-0.2145,-1.6447,-0.1057,-2.2996,-0.2082,-1.6717
8220,0,5.724786949177661,-0.0020,-6.2213,-0.0029,-5.8572,-0.0354,-3.3593,-0.0821,-2.5403,-1.1555,-0.3782,-0.0683,-2.7185,-0.8845,-0.5326,-0.1628,-1.8958,-1.1584,-0.3768,-0.1463,-1.9946,-0.0495,-3.0309,-0.1666,-1.8742
8250,1,12.349819752309935,-0.0020,-6.2066,-0.0035,-5.6559,-0.0314,-3.4776,-0.1085,-2.2750,-1.3918,-0.2859,-0.0722,-2.6645,-1.1016,-0.4040,-0.1944,-1.7334,-1.2949,-0.3201,-0.2131,-1.6507,-0.0550,-2.9272,-0.2297,-1.5838
8280,0,14.164549359575314,-0.0033,-5.7250,-0.0045,-5.4107,-0.0385,-3.2754,-0.1495,-1.9742,-1.1885,-0.3634,-0.0860,-2.4966,-1.2960,-0.3197,-0.2316,-1.5764,-1.4473,-0.2682,-0.1621,-1.8997,-0.0634,-2.7892,-0.1092,-2.2686
8310,1,8.046173650817812,-0.0022,-6.1051,-0.0045,-5.4044,-0.0335,-3.4128,-0.1137,-2.2304,-1.5429,-0.2405,-0.0600,-2.8425,-1.0441,-0.4339,-0.2316,-1.5762,-1.3541,-0.2987,-0.1965,-1.7238,-0.0542,-2.9422,-0.3093,-1.3241
8340,1,15.76032258357799,-0.0032,-5.7465,-0.0082,-4.8120,-0.0228,-3.7935,-0.1104,-2.2587,-1.2830,-0.3246,-0.0608,-2.8297,-1.3096,-0.3146,-0.1560,-1.9351,-1.3998,-0.2832,-0.1800,-1.8033,-0.0449,-3.1251,-0.1370,-2.0552
8370,0,35.31725684973813,-0.0028,-5.8690,-0.0027,-5.9238,-0.0169,-4.0889,-0.0599,-2.8442,-0.4213,-1.0676,-0.2089,-1.6685,-1.4601,-0.2642,-0.2372,-1.5549,-0.5026,-0.9288,-0.1389,-2.0429,-0.0988,-2.3641,-0.0363,-3.3333
8400,0,12.941146683956369,-0.0022,-6.1317,-0.0022,-6.1066,-0.0109,-4.5237,-0.0704,-2.6884,-0.4253,-1.0601,-0.1535,-1.9499,-1.5515,-0.2382,-0.2617,-1.4686,-0.5859,-0.8133,-0.1655,-1.8802,-0.1314,-2.0946,-0.0862,-2.4942
8430,1,13.84188352110721,-0.0012,-6.7090,-0.0010,-6.8701,-0.0077,-4.8690,-0.0664,-2.7455,-0.3144,-1.3100,-0.0930,-2.4210,-1.5686,-0.2336,-0.1817,-1.7949,-1.0149,-0.4501,-0.2675,-1.4494,-0.2469,-1.5198,-0.1314,-2.0943
8460,0,7.011557687836288,-0.0010,-6.8960,-0.0006,-7.4158,-0.0050,-5.2992,-0.0581,-2.8750,-0.3914,-1.1273,-0.0641,-2.7786,-1.3988,-0.2836,-0.1070,-2.2876,-1.0131,-0.4511,-0.3352,-1.2560,-0.3508,-1.2179,-0.2242,-1.6054
8490,0,6.200258356755223,-0.0020,-6.2235,-0.0014,-6.5883,-0.0080,-4.8323,-0.0755,-2.6215,-0.4361,-1.0400,-0.0839,-2.5196,-1.4388,-0.2708,-0.1175,-2.1992,-0.9071,-0.5170,-0.3049,-1.3363,-0.2323,-1.5735,-0.2358,-1.5602
8520,3,33.04539756711805,-0.0032,-5.7383,-0.0019,-6.2571,-0.0108,-4.5341,-0.0885,-2.4688,-0.5559,-0.8522,-0.0757,-2.6182,-1.2202,-0.3498,-0.1312,-2.0959,-0.9767,-0.4725,-0.3852,-1.1404,-0.2699,-1.4415,-0.3173,-1.3024
8550,0,5.742380643491505,-0.0027,-5.9078,-0.0027,-5.9261,-0.0099,-4.6193,-0.0886,-2.4679,-0.6855,-0.7008,-0.0763,-2.6109,-1.1646,-0.3741,-0.1623,-1.8981,-0.9959,-0.4611,-0.3369,-1.2517,-0.2833,-1.3996,-0.3220,-1.2900
8580,0,6.195943282550738,-0.0022,-6.1258,-0.0029,-5.8562,-0.0193,-3.9567,-0.1086,-2.2742,-1.0285,-0.4425,-0.0950,-2.4008,-0.9302,-0.5017,-0.2108,-1.6602,-0.6960,-0.6903,-0.3028,-1.3423,-0.1532,-1.9516,-0.3495,-1.2210
8610,1,15.486290473162224,-0.0015,-6.5331,-0.0023,-6.0915,-0.0148,-4.2183,-0.0972,-2.3796,-0.9196,-0.5086,-0.0937,-2.4139,-1.0149,-0.4501,-0.1441,-2.0086,-0.9514,-0.4881,-0.2522,-1.5008,-0.2059,-1.6815,-0.2463,-1.5217
8640,1,14.211719357033594,-0.0013,-6.6662,-0.0017,-6.3565,-0.0214,-3.8529,-0.0780,-2.5894,-0.9808,-0.4700,-0.0849,-2.5085,-0.9217,-0.5072,-0.1909,-1.7499,-0.7502,-0.6392,-0.2214,-1.6164,-0.1297,-2.1069,-0.2325,-1.5730
8670,0,19.202033677020918,-0.0014,-6.6066,-0.0014,-6.5902,-0.0051,-5.2833,-0.0687,-2.7118,-0.3878,-1.1350,-0.0625,-2.8040,-1.4433,-0.2694,-0.1448,-2.0039,-0.8019,-0.5951,-0.2629,-1.4645,-0.3897,-1.1310,-0.1916,-1.7466
8700,0,23.842263554221745,-0.0068,-4.9910,-0.0129,-4.3532,-0.0279,-3.5937,-0.0607,-2.8312,-0.3820,-1.1473,-0.1729,-1.8400,-1.6164,-0.2214,-0.1848,-1.7795,-0.3647,-1.1854,-0.1025,-2.3291,-0.1248,-2.1430,-0.0287,-3.5663
8730,1,21.136591978940665,-0.0016,-6.4571,-0.0017,-6.3799,-0.0072,-4.9407,-0.0802,-2.5625,-0.4732,-0.9755,-0.1295,-2.1084,-1.6061,-0.2240,-0.2060,-1.6810,-0.7142,-0.6725,-0.2157,-1.6400,-0.2230,-1.6100,-0.0958,-2.3932
8760,0,10.562558379030586,-0.0026,-5.9505,-0.0017,-6.3834,-0.0093,-4.6842,-0.0776,-2.5945,-0.5095,-0.9183,-0.1040,-2.3145,-1.4968,-0.2534,-0.1284,-2.1161,-0.5330,-0.8839,-0.1722,-1.8437,-0.1740,-1.8342,-0.0264,-3.6464
8790,1,15.892680721170427,-0.0017,-6.3618,-0.0009,-6.9897,-0.0055,-5.2001,-0.0905,-2.4471,-0.4378,-1.0368,-0.0883,-2.4711,-1.6873,-0.2046,-0.1428,-2.0168,-1.0012,-0.4580,-0.2389,-1.5487,-0.3912,-1.1278,-0.1422,-2.0206
8820,0,4.8498090606975355,-0.0016,-6.4122,-0.0012,-6.7638,-0.0063,-5.0696,-0.0720,-2.6670,-0.4028,-1.1039,-0.1062,-2.2952,-1.6346,-0.2170,-0.1458,-1.9977,-0.9407,-0.4949,-0.2513,-1.5042,-0.3542,-1.2097,-0.2600,-1.4743
8850,1,12.261892926465093,-0.0022,-6.1174,-0.0008,-7.0918,-0.0066,-5.0308,-0.0558,-2.9140,-0.3357,-1.2548,-0.0570,-2.8923,-1.2710,-0.3293,-0.0701,-2.6926,-0.7783,-0.6147,-0.1780,-1.8138,-0.2439,-1.5306,-0.0718,-2.6695
8880,1,13.57860579661647,-0.0013,-6.6405,-0.0008,-7.0848,-0.0067,-5.0034,-0.0860,-2.4963,-0.4547,-1.0069,-0.0859,-2.4967,-1.6911,-0.2037,-0.1742,-1.8336,-1.3388,-0.3040,-0.2631,-1.4638,-0.3071,-1.3302,-0.2844,-1.3963
8910,1,19.54041841722342,-0.0010,-6.9439,-0.0006,-7.3934,-0.0073,-4.9243,-0.0721,-2.6655,-0.4549,-1.0066,-0.0802,-2.5628,-1.5735,-0.2323,-0.1507,-1.9669,-1.0218,-0.4462,-0.2573,-1.4832,-0.2962,-1.3611,-0.2880,-1.3853
8940,0,5.91047938919607,-0.0015,-6.4874,-0.0008,-7.0850,-0.0056,-5.1857,-0.0918,-2.4335,-0.4847,-0.9568,-0.0576,-2.8830,-1.3377,-0.3044,-0.1290,-2.1121,-0.9852,-0.4674,-0.2353,-1.5624,-0.1660,-1.8777,-0.2151,-1.6424
8970,2,23.475918842453726,-0.0025,-5.9897,-0.0015,-6.5361,-0.0164,-4.1169,-0.0424,-3.1814,-0.4623,-0.9939,-0.0609,-2.8291,-0.9837,-0.4683,-0.0921,-2.4310,-0.4998,-0.9330,-0.1748,-1.8303,-0.4613,-0.9954,-0.0774,-2.5975
9000,1,23.275734190339897,-0.0011,-6.8298,-0.0010,-6.9290,-0.0067,-5.0137,-0.0685,-2.7156,-0.5574,-0.8503,-0.0451,-3.1206,-1.1374,-0.3866,-0.0583,-2.8717,-0.4357,-1.0408,-0.2231,-1.6098,-0.2511,-1.5049,-0.0745,-2.6342
9030,0,22.077015192955333,-0.0017,-6.3922,-0.0020,-6.2030,-0.0532,-2.9593,-0.0498,-3.0236,-1.1394,-0.3857,-0.1182,-2.1937,-0.8264,-0.5756,-0.0491,-3.0374,-0.4110,-1.0877,-0.1039,-2.3158,-0.0522,-2.9788,-0.0343,-3.3895
9060,0,10.195047540336434,-0.0014,-6.5592,-0.0019,-6.2854,-0.0864,-2.4913,-0.0684,-2.7165,-1.5742,-0.2322,-0.0763,-2.6108,-0.6710,-0.7158,-0.0681,-2.7206,-0.4671,-0.9857,-0.1100,-2.2622,-0.0756,-2.6196,-0.0742,-2.6382
9090,0,34.525988742039324,-0.0125,-4.3890,-0.0139,-4.2857,-0.0666,-2.7425,-0.0435,-3.1564,-0.5745,-0.8278,-0.3796,-1.1525,-1.1659,-0.3735,-0.2969,-1.3591,-0.5004,-0.9322,-0.0905,-2.4478,-0.1583,-1.9216,-0.0210,-3.8749
9120,0,27.85157512346301,-0.0169,-4.0889,-0.0155,-4.1727,-0.0333,-3.4198,-0.0307,-3.4990,-0.2922,-1.3730,-0.2031,-1.6938,-1.1873,-0.3639,-0.2232,-1.6092,-0.4906,-0.9475,-0.0789,-2.5783,-0.0937,-2.4146,-0.0147,-4.2305
9150,1,25.33334133545334,-0.0119,-4.4334,-0.0105,-4.5619,-0.0647,-2.7695,-0.0529,-2.9650,-0.5604,-0.8462,-0.2172,-1.6334,-1.4581,-0.2648,-0.1407,-2.0308,-0.2678,-1.4486,-0.0549,-2.9300,-0.0363,-3.3334,-0.0026,-5.9597
9180,1,22.02540063571322,-0.0083,-4.7928,-0.0022,-6.1425,-1.0600,-0.4254,-0.1412,-2.0273,-1.8633,-0.1686,-0.0396,-3.2487,-0.7324,-0.6554,-0.1182,-2.1937,-0.2163,-1.6372,-0.3212,-1.2919,-0.0597,-2.8475,-0.0655,-2.7579
9210,1,25.397731716697415,-0.0026,-5.9568,-0.0008,-7.1176,-1.5399,-0.2413,-0.1069,-2.2891,-1.8934,-0.1632,-0.1295,-2.1082,-0.7208,-0.6663,-0.0511,-2.9987,-0.3875,-1.1356,-0.2380,-1.5522,-0.1364,-2.0594,-0.0624,-2.8054
9240,0,23.193817224427093,-0.0158,-4.1574,-0.0029,-5.8564,-1.9238,-0.1579,-0.1047,-2.3088,-2.1033,-0.1302,-0.0831,-2.5290,-0.4652,-0.9888,-0.0611,-2.8261,-0.3451,-1.2316,-0.6640,-0.7231,-0.1308,-2.0989,-0.3824,-1.1463
9270,0,14.297136213961839,-0.0204,-3.9040,-0.0064,-5.0604,-2.0566,-0.1368,-0.0737,-2.6448,-2.2675,-0.1093,-0.0618,-2.8145,-0.3053,-1.3352,-0.0763,-2.6110,-0.1497,-1.9728,-0.5835,-0.8163,-0.0704,-2.6888,-0.6521,-0.7359
9300,0,12.264315960834816,-0.0360,-3.3431,-0.0056,-5.1925,-2.7017,-0.0694,-0.0623,-2.8064,-2.3061,-0.1050,-0.0637,-2.7847,-0.2872,-1.3878,-0.0829,-2.5314,-0.1610,-1.9056,-0.6376,-0.7519,-0.0805,-2.5600,-0.3099,-1.3224
9330,0,5.46291077108891,-0.0241,-3.7373,-0.0055,-5.2107,-2.7307,-0.0674,-0.0585,-2.8672,-2.3607,-0.0991,-0.0661,-2.7497,-0.3177,-1.3014,-0.0857,-2.4990,-0.1714,-1.8483,-0.7774,-0.6154,-0.0541,-2.9434,-0.4954,-0.9398
9360,0,20.53932658322589,-0.0322,-3.4514,-0.0063,-5.0753,-1.7231,-0.1966,-0.0850,-2.5077,-1.6341,-0.2171,-0.1027,-2.3271,-0.4027,-1.1041,-0.1397,-2.0375,-0.1541,-1.9461,-0.7037,-0.6827,-0.2021,-1.6983,-0.6372,-0.7524
9390,0,16.332210194538334,-0.0256,-3.6784,-0.0046,-5.3929,-1.3063,-0.3158,-0.0765,-2.6090,-1.8792,-0.1657,-0.1278,-2.1202,-0.4395,-1.0337,-0.1156,-2.2149,-0.1863,-1.7720,-0.7036,-0.6828,-0.2902,-1.3788,-0.1842,-1.7825
